Name,Paid at,Subtotal,Discount Amount,Note Attributes,Lineitem quantity,Vendor,Lookup,Lineitem name
#1001,2025-01-29T00:00:00+00:00,49.0,0,isGift: false,1,Chef Demo,Customer 001,Mediterranean Feast
#1002,2025-02-25T00:00:00+00:00,24.0,0,isGift: false,1,Cellar Demo,Customer 001,Wine Pairing
#1003,2025-02-01T00:00:00+00:00,42.0,0,isGift: false,1,Chef Demo,Customer 002,Sunday Roast Kit
#1003,2025-02-01T00:00:00+00:00,39.0,5,isGift: false,1,Kitchen Demo,Customer 002,Taco Party Box
#1004,2025-02-22T00:00:00+00:00,49.0,0,isGift: false,1,Chef Demo,Customer 002,Mediterranean Feast
#1005,2025-03-17T00:00:00+00:00,70.0,0,isGift: false,2,Kitchen Demo,Customer 002,Pasta Night Box
#1006,2025-04-26T00:00:00+00:00,49.0,0,isGift: false,1,Chef Demo,Customer 002,Mediterranean Feast
#1007,2025-03-21T00:00:00+00:00,49.0,0,isGift: false,1,Chef Demo,Customer 002,Mediterranean Feast
#1007,2025-03-21T00:00:00+00:00,39.0,0,isGift: false,1,Kitchen Demo,Customer 002,Taco Party Box
#1008,2025-02-04T00:00:00+00:00,18.0,0,isGift: false,1,Bakery Demo,Customer 003,Chocolate Dessert Box
#1009,2025-03-06T00:00:00+00:00,84.0,0,isGift: false,2,Chef Demo,Customer 003,Sunday Roast Kit
#1009,2025-03-06T00:00:00+00:00,35.0,0,isGift: false,1,Kitchen Demo,Customer 003,Pasta Night Box
#1010,2025-02-07T00:00:00+00:00,35.0,0,isGift: false,1,Kitchen Demo,Customer 004,Pasta Night Box
#1010,2025-02-07T00:00:00+00:00,42.0,0,isGift: false,1,Chef Demo,Customer 004,Sunday Roast Kit
#1011,2025-03-06T00:00:00+00:00,24.0,0,isGift: false,1,Cellar Demo,Customer 004,Wine Pairing
#1012,2025-03-13T00:00:00+00:00,42.0,0,isGift: false,1,Chef Demo,Customer 004,Sunday Roast Kit
#1012,2025-03-13T00:00:00+00:00,18.0,0,isGift: false,1,Bakery Demo,Customer 004,Chocolate Dessert Box
#1013,2025-05-05T00:00:00+00:00,39.0,0,isGift: false,1,Kitchen Demo,Customer 004,Taco Party Box
#1014,2025-02-10T00:00:00+00:00,24.0,0,isGift: false,1,Cellar Demo,Customer 005,Wine Pairing
#1014,2025-02-10T00:00:00+00:00,18.0,5,isGift: false,1,Bakery Demo,Customer 005,Chocolate Dessert Box
#1015,2025-02-13T00:00:00+00:00,36.0,0,isGift: false,2,Bakery Demo,Customer 006,Chocolate Dessert Box
#1015,2025-02-13T00:00:00+00:00,49.0,0,isGift: false,1,Chef Demo,Customer 006,Mediterranean Feast
#1016,2025-03-12T00:00:00+00:00,18.0,5,isGift: false,1,Bakery Demo,Customer 006,Chocolate Dessert Box
#1016,2025-03-12T00:00:00+00:00,49.0,0,isGift: false,1,Chef Demo,Customer 006,Mediterranean Feast
#1017,2025-03-19T00:00:00+00:00,36.0,0,isGift: false,2,Bakery Demo,Customer 006,Chocolate Dessert Box
#1018,2025-03-21T00:00:00+00:00,18.0,0,isGift: false,1,Bakery Demo,Customer 006,Chocolate Dessert Box
#1018,2025-03-21T00:00:00+00:00,42.0,0,isGift: false,1,Chef Demo,Customer 006,Sunday Roast Kit
#1019,2025-04-18T00:00:00+00:00,24.0,0,isGift: false,1,Cellar Demo,Customer 006,Wine Pairing
#1019,2025-04-18T00:00:00+00:00,42.0,0,isGift: false,1,Chef Demo,Customer 006,Sunday Roast Kit
#1020,2025-02-16T00:00:00+00:00,49.0,0,isGift: false,1,Chef Demo,Customer 007,Mediterranean Feast
#1021,2025-02-28T00:00:00+00:00,49.0,0,"isGift: true
giftMessage: Enjoy!",1,Chef Demo,Customer 007,Mediterranean Feast
#1021,2025-02-28T00:00:00+00:00,42.0,0,isGift: false,1,Chef Demo,Customer 007,Sunday Roast Kit
#1022,2025-04-11T00:00:00+00:00,18.0,0,isGift: false,1,Bakery Demo,Customer 007,Chocolate Dessert Box
#1023,2025-04-26T00:00:00+00:00,49.0,0,isGift: false,1,Chef Demo,Customer 007,Mediterranean Feast
#1024,2025-02-19T00:00:00+00:00,24.0,0,isGift: false,1,Cellar Demo,Customer 008,Wine Pairing
#1024,2025-02-19T00:00:00+00:00,49.0,0,isGift: false,1,Chef Demo,Customer 008,Mediterranean Feast
#1025,2025-02-22T00:00:00+00:00,39.0,0,isGift: false,1,Kitchen Demo,Customer 009,Taco Party Box
#1026,2025-03-21T00:00:00+00:00,48.0,0,isGift: false,2,Cellar Demo,Customer 009,Wine Pairing
#1027,2025-05-01T00:00:00+00:00,42.0,0,isGift: false,1,Chef Demo,Customer 009,Sunday Roast Kit
#1027,2025-05-01T00:00:00+00:00,39.0,0,isGift: false,1,Kitchen Demo,Customer 009,Taco Party Box
#1028,2025-02-25T00:00:00+00:00,35.0,0,isGift: false,1,Kitchen Demo,Customer 010,Pasta Night Box
#1028,2025-02-25T00:00:00+00:00,39.0,0,isGift: false,1,Kitchen Demo,Customer 010,Taco Party Box
#1029,2025-03-13T00:00:00+00:00,18.0,5,isGift: false,1,Bakery Demo,Customer 010,Chocolate Dessert Box
#1029,2025-03-13T00:00:00+00:00,24.0,0,isGift: false,1,Cellar Demo,Customer 010,Wine Pairing
#1030,2025-03-19T00:00:00+00:00,49.0,0,"isGift: true
giftMessage: Enjoy!",1,Chef Demo,Customer 010,Mediterranean Feast
#1030,2025-03-19T00:00:00+00:00,42.0,0,isGift: false,1,Chef Demo,Customer 010,Sunday Roast Kit
#1031,2025-05-20T00:00:00+00:00,18.0,0,isGift: false,1,Bakery Demo,Customer 010,Chocolate Dessert Box
#1032,2025-05-16T00:00:00+00:00,42.0,0,isGift: false,1,Chef Demo,Customer 010,Sunday Roast Kit
#1032,2025-05-16T00:00:00+00:00,35.0,0,isGift: false,1,Kitchen Demo,Customer 010,Pasta Night Box
#1033,2025-02-28T00:00:00+00:00,36.0,0,"isGift: true
giftMessage: Enjoy!",2,Bakery Demo,Customer 011,Chocolate Dessert Box
#1034,2025-03-18T00:00:00+00:00,70.0,0,isGift: false,2,Kitchen Demo,Customer 011,Pasta Night Box
#1035,2025-03-03T00:00:00+00:00,24.0,0,isGift: false,1,Cellar Demo,Customer 012,Wine Pairing
#1035,2025-03-03T00:00:00+00:00,35.0,0,isGift: false,1,Kitchen Demo,Customer 012,Pasta Night Box
#1036,2025-04-03T00:00:00+00:00,42.0,0,isGift: false,1,Chef Demo,Customer 012,Sunday Roast Kit
#1037,2025-03-31T00:00:00+00:00,18.0,0,isGift: false,1,Bakery Demo,Customer 012,Chocolate Dessert Box
#1038,2025-03-06T00:00:00+00:00,49.0,0,isGift: false,1,Chef Demo,Customer 013,Mediterranean Feast
#1039,2025-03-16T00:00:00+00:00,42.0,0,isGift: false,1,Chef Demo,Customer 013,Sunday Roast Kit
#1040,2025-04-29T00:00:00+00:00,18.0,0,isGift: false,1,Bakery Demo,Customer 013,Chocolate Dessert Box
#1040,2025-04-29T00:00:00+00:00,49.0,0,"isGift: true
giftMessage: Enjoy!",1,Chef Demo,Customer 013,Mediterranean Feast
#1041,2025-05-26T00:00:00+00:00,42.0,0,isGift: false,1,Chef Demo,Customer 013,Sunday Roast Kit
#1042,2025-04-19T00:00:00+00:00,42.0,0,isGift: false,1,Chef Demo,Customer 013,Sunday Roast Kit
#1042,2025-04-19T00:00:00+00:00,48.0,0,isGift: false,2,Cellar Demo,Customer 013,Wine Pairing
#1043,2025-03-09T00:00:00+00:00,42.0,0,isGift: false,1,Chef Demo,Customer 014,Sunday Roast Kit
#1043,2025-03-09T00:00:00+00:00,78.0,0,isGift: false,2,Kitchen Demo,Customer 014,Taco Party Box
#1044,2025-04-13T00:00:00+00:00,42.0,0,isGift: false,1,Chef Demo,Customer 014,Sunday Roast Kit
#1045,2025-04-28T00:00:00+00:00,39.0,0,isGift: false,1,Kitchen Demo,Customer 014,Taco Party Box
#1046,2025-04-29T00:00:00+00:00,42.0,5,isGift: false,1,Chef Demo,Customer 014,Sunday Roast Kit
#1047,2025-03-12T00:00:00+00:00,39.0,0,isGift: false,1,Kitchen Demo,Customer 015,Taco Party Box
#1048,2025-03-22T00:00:00+00:00,35.0,0,isGift: false,1,Kitchen Demo,Customer 015,Pasta Night Box
#1049,2025-04-07T00:00:00+00:00,35.0,0,isGift: false,1,Kitchen Demo,Customer 015,Pasta Night Box
#1050,2025-05-29T00:00:00+00:00,18.0,0,"isGift: true
giftMessage: Enjoy!",1,Bakery Demo,Customer 015,Chocolate Dessert Box
#1051,2025-06-24T00:00:00+00:00,18.0,0,"isGift: true
giftMessage: Enjoy!",1,Bakery Demo,Customer 015,Chocolate Dessert Box
#1051,2025-06-24T00:00:00+00:00,42.0,0,isGift: false,1,Chef Demo,Customer 015,Sunday Roast Kit
#1052,2025-03-15T00:00:00+00:00,39.0,0,isGift: false,1,Kitchen Demo,Customer 016,Taco Party Box
#1053,2025-03-31T00:00:00+00:00,39.0,0,isGift: false,1,Kitchen Demo,Customer 016,Taco Party Box
#1054,2025-04-22T00:00:00+00:00,49.0,0,isGift: false,1,Chef Demo,Customer 016,Mediterranean Feast
#1055,2025-06-10T00:00:00+00:00,39.0,0,isGift: false,1,Kitchen Demo,Customer 016,Taco Party Box
#1055,2025-06-10T00:00:00+00:00,48.0,0,isGift: false,2,Cellar Demo,Customer 016,Wine Pairing
#1056,2025-05-02T00:00:00+00:00,24.0,0,isGift: false,1,Cellar Demo,Customer 016,Wine Pairing
#1057,2025-03-18T00:00:00+00:00,42.0,0,"isGift: true
giftMessage: Enjoy!",1,Chef Demo,Customer 017,Sunday Roast Kit
#1058,2025-04-16T00:00:00+00:00,49.0,0,isGift: false,1,Chef Demo,Customer 017,Mediterranean Feast
#1058,2025-04-16T00:00:00+00:00,39.0,0,isGift: false,1,Kitchen Demo,Customer 017,Taco Party Box
#1059,2025-05-17T00:00:00+00:00,49.0,0,isGift: false,1,Chef Demo,Customer 017,Mediterranean Feast
#1059,2025-05-17T00:00:00+00:00,39.0,0,isGift: false,1,Kitchen Demo,Customer 017,Taco Party Box
#1060,2025-04-26T00:00:00+00:00,39.0,0,isGift: false,1,Kitchen Demo,Customer 017,Taco Party Box
#1061,2025-03-21T00:00:00+00:00,36.0,0,isGift: false,2,Bakery Demo,Customer 018,Chocolate Dessert Box
#1061,2025-03-21T00:00:00+00:00,39.0,0,isGift: false,1,Kitchen Demo,Customer 018,Taco Party Box
#1062,2025-04-07T00:00:00+00:00,35.0,0,isGift: false,1,Kitchen Demo,Customer 018,Pasta Night Box
#1062,2025-04-07T00:00:00+00:00,18.0,0,isGift: false,1,Bakery Demo,Customer 018,Chocolate Dessert Box
#1063,2025-05-14T00:00:00+00:00,42.0,0,isGift: false,1,Chef Demo,Customer 018,Sunday Roast Kit
#1064,2025-04-26T00:00:00+00:00,35.0,0,isGift: false,1,Kitchen Demo,Customer 018,Pasta Night Box
#1065,2025-06-21T00:00:00+00:00,36.0,0,"isGift: true
giftMessage: Enjoy!",2,Bakery Demo,Customer 018,Chocolate Dessert Box
#1066,2025-08-08T00:00:00+00:00,98.0,0,isGift: false,2,Chef Demo,Customer 018,Mediterranean Feast
#1067,2025-08-06T00:00:00+00:00,24.0,0,isGift: false,1,Cellar Demo,Customer 018,Wine Pairing
#1068,2025-07-18T00:00:00+00:00,39.0,0,isGift: false,1,Kitchen Demo,Customer 018,Taco Party Box
#1069,2025-03-24T00:00:00+00:00,78.0,0,isGift: false,2,Kitchen Demo,Customer 019,Taco Party Box
#1070,2025-04-15T00:00:00+00:00,24.0,5,isGift: false,1,Cellar Demo,Customer 019,Wine Pairing
#1071,2025-05-11T00:00:00+00:00,35.0,0,isGift: false,1,Kitchen Demo,Customer 019,Pasta Night Box
#1072,2025-07-04T00:00:00+00:00,35.0,5,isGift: false,1,Kitchen Demo,Customer 019,Pasta Night Box
#1072,2025-07-04T00:00:00+00:00,39.0,0,isGift: false,1,Kitchen Demo,Customer 019,Taco Party Box
#1073,2025-07-22T00:00:00+00:00,24.0,0,"isGift: true
giftMessage: Enjoy!",1,Cellar Demo,Customer 019,Wine Pairing
#1074,2025-05-13T00:00:00+00:00,42.0,0,isGift: false,1,Chef Demo,Customer 019,Sunday Roast Kit
#1075,2025-06-28T00:00:00+00:00,35.0,0,isGift: false,1,Kitchen Demo,Customer 019,Pasta Night Box
#1076,2025-03-27T00:00:00+00:00,35.0,0,isGift: false,1,Kitchen Demo,Customer 020,Pasta Night Box
#1076,2025-03-27T00:00:00+00:00,98.0,0,isGift: false,2,Chef Demo,Customer 020,Mediterranean Feast
#1077,2025-04-12T00:00:00+00:00,48.0,0,isGift: false,2,Cellar Demo,Customer 020,Wine Pairing
#1078,2025-03-30T00:00:00+00:00,49.0,5,isGift: false,1,Chef Demo,Customer 021,Mediterranean Feast
#1079,2025-04-26T00:00:00+00:00,35.0,5,isGift: false,1,Kitchen Demo,Customer 021,Pasta Night Box
#1080,2025-05-15T00:00:00+00:00,98.0,0,isGift: false,2,Chef Demo,Customer 021,Mediterranean Feast
#1080,2025-05-15T00:00:00+00:00,39.0,0,isGift: false,1,Kitchen Demo,Customer 021,Taco Party Box
#1081,2025-06-28T00:00:00+00:00,18.0,0,isGift: false,1,Bakery Demo,Customer 021,Chocolate Dessert Box
#1082,2025-07-20T00:00:00+00:00,84.0,0,isGift: false,2,Chef Demo,Customer 021,Sunday Roast Kit
#1083,2025-04-02T00:00:00+00:00,18.0,0,isGift: false,1,Bakery Demo,Customer 022,Chocolate Dessert Box
#1084,2025-04-22T00:00:00+00:00,42.0,0,isGift: false,1,Chef Demo,Customer 022,Sunday Roast Kit
#1085,2025-05-30T00:00:00+00:00,35.0,5,isGift: false,1,Kitchen Demo,Customer 022,Pasta Night Box
#1085,2025-05-30T00:00:00+00:00,18.0,0,isGift: false,1,Bakery Demo,Customer 022,Chocolate Dessert Box
#1086,2025-07-07T00:00:00+00:00,24.0,5,isGift: false,1,Cellar Demo,Customer 022,Wine Pairing
#1087,2025-04-05T00:00:00+00:00,35.0,0,isGift: false,1,Kitchen Demo,Customer 023,Pasta Night Box
#1087,2025-04-05T00:00:00+00:00,36.0,0,isGift: false,2,Bakery Demo,Customer 023,Chocolate Dessert Box
#1088,2025-04-29T00:00:00+00:00,35.0,0,isGift: false,1,Kitchen Demo,Customer 023,Pasta Night Box
#1089,2025-06-10T00:00:00+00:00,24.0,0,isGift: false,1,Cellar Demo,Customer 023,Wine Pairing
#1090,2025-07-13T00:00:00+00:00,18.0,0,isGift: false,1,Bakery Demo,Customer 023,Chocolate Dessert Box
#1091,2025-04-08T00:00:00+00:00,35.0,0,isGift: false,1,Kitchen Demo,Customer 024,Pasta Night Box
#1092,2025-04-19T00:00:00+00:00,48.0,0,isGift: false,2,Cellar Demo,Customer 024,Wine Pairing
#1093,2025-05-04T00:00:00+00:00,18.0,0,isGift: false,1,Bakery Demo,Customer 024,Chocolate Dessert Box
#1093,2025-05-04T00:00:00+00:00,35.0,0,isGift: false,1,Kitchen Demo,Customer 024,Pasta Night Box
#1094,2025-05-14T00:00:00+00:00,49.0,0,isGift: false,1,Chef Demo,Customer 024,Mediterranean Feast
#1095,2025-08-26T00:00:00+00:00,35.0,0,isGift: false,1,Kitchen Demo,Customer 024,Pasta Night Box
#1096,2025-04-11T00:00:00+00:00,18.0,0,isGift: false,1,Bakery Demo,Customer 025,Chocolate Dessert Box
#1097,2025-05-05T00:00:00+00:00,36.0,0,isGift: false,2,Bakery Demo,Customer 025,Chocolate Dessert Box
#1098,2025-06-08T00:00:00+00:00,49.0,5,isGift: false,1,Chef Demo,Customer 025,Mediterranean Feast
#1098,2025-06-08T00:00:00+00:00,42.0,0,isGift: false,1,Chef Demo,Customer 025,Sunday Roast Kit
#1099,2025-06-19T00:00:00+00:00,18.0,0,"isGift: true
giftMessage: Enjoy!",1,Bakery Demo,Customer 025,Chocolate Dessert Box
#1100,2025-06-26T00:00:00+00:00,39.0,0,isGift: false,1,Kitchen Demo,Customer 025,Taco Party Box
#1100,2025-06-26T00:00:00+00:00,49.0,0,isGift: false,1,Chef Demo,Customer 025,Mediterranean Feast
#1101,2025-08-04T00:00:00+00:00,42.0,0,isGift: false,1,Chef Demo,Customer 025,Sunday Roast Kit
#1102,2025-06-22T00:00:00+00:00,35.0,0,isGift: false,1,Kitchen Demo,Customer 025,Pasta Night Box
#1103,2025-04-14T00:00:00+00:00,35.0,0,isGift: false,1,Kitchen Demo,Customer 026,Pasta Night Box
#1104,2025-05-09T00:00:00+00:00,18.0,0,isGift: false,1,Bakery Demo,Customer 026,Chocolate Dessert Box
#1105,2025-05-20T00:00:00+00:00,84.0,0,isGift: false,2,Chef Demo,Customer 026,Sunday Roast Kit
#1106,2025-05-14T00:00:00+00:00,24.0,0,isGift: false,1,Cellar Demo,Customer 026,Wine Pairing
#1106,2025-05-14T00:00:00+00:00,35.0,0,isGift: false,1,Kitchen Demo,Customer 026,Pasta Night Box
#1107,2025-08-04T00:00:00+00:00,78.0,0,isGift: false,2,Kitchen Demo,Customer 026,Taco Party Box
#1108,2025-07-23T00:00:00+00:00,42.0,0,isGift: false,1,Chef Demo,Customer 026,Sunday Roast Kit
#1108,2025-07-23T00:00:00+00:00,35.0,5,isGift: false,1,Kitchen Demo,Customer 026,Pasta Night Box
#1109,2025-06-25T00:00:00+00:00,35.0,0,isGift: false,1,Kitchen Demo,Customer 026,Pasta Night Box
#1110,2025-06-23T00:00:00+00:00,18.0,0,isGift: false,1,Bakery Demo,Customer 026,Chocolate Dessert Box
#1110,2025-06-23T00:00:00+00:00,39.0,0,isGift: false,1,Kitchen Demo,Customer 026,Taco Party Box
#1111,2025-04-17T00:00:00+00:00,35.0,5,isGift: false,1,Kitchen Demo,Customer 027,Pasta Night Box
#1112,2025-05-17T00:00:00+00:00,42.0,5,isGift: false,1,Chef Demo,Customer 027,Sunday Roast Kit
#1113,2025-06-02T00:00:00+00:00,49.0,0,isGift: false,1,Chef Demo,Customer 027,Mediterranean Feast
#1114,2025-07-01T00:00:00+00:00,35.0,0,isGift: false,1,Kitchen Demo,Customer 027,Pasta Night Box
#1114,2025-07-01T00:00:00+00:00,18.0,5,isGift: false,1,Bakery Demo,Customer 027,Chocolate Dessert Box
#1115,2025-04-20T00:00:00+00:00,84.0,0,isGift: false,2,Chef Demo,Customer 028,Sunday Roast Kit
#1116,2025-05-13T00:00:00+00:00,18.0,0,"isGift: true
giftMessage: Enjoy!",1,Bakery Demo,Customer 028,Chocolate Dessert Box
#1117,2025-06-15T00:00:00+00:00,24.0,0,isGift: false,1,Cellar Demo,Customer 028,Wine Pairing
#1118,2025-06-22T00:00:00+00:00,18.0,0,isGift: false,1,Bakery Demo,Customer 028,Chocolate Dessert Box
#1119,2025-04-23T00:00:00+00:00,39.0,0,isGift: false,1,Kitchen Demo,Customer 029,Taco Party Box
#1120,2025-05-28T00:00:00+00:00,24.0,0,isGift: false,1,Cellar Demo,Customer 029,Wine Pairing
#1121,2025-05-15T00:00:00+00:00,18.0,0,isGift: false,1,Bakery Demo,Customer 029,Chocolate Dessert Box
#1122,2025-06-01T00:00:00+00:00,39.0,0,isGift: false,1,Kitchen Demo,Customer 029,Taco Party Box
#1123,2025-04-26T00:00:00+00:00,35.0,0,isGift: false,1,Kitchen Demo,Customer 030,Pasta Night Box
#1124,2025-05-16T00:00:00+00:00,36.0,0,isGift: false,2,Bakery Demo,Customer 030,Chocolate Dessert Box
#1124,2025-05-16T00:00:00+00:00,39.0,0,isGift: false,1,Kitchen Demo,Customer 030,Taco Party Box
#1125,2025-05-30T00:00:00+00:00,70.0,0,isGift: false,2,Kitchen Demo,Customer 030,Pasta Night Box
#1126,2025-04-29T00:00:00+00:00,49.0,0,isGift: false,1,Chef Demo,Customer 031,Mediterranean Feast
#1127,2025-05-10T00:00:00+00:00,49.0,5,isGift: false,1,Chef Demo,Customer 031,Mediterranean Feast
#1128,2025-05-02T00:00:00+00:00,42.0,0,isGift: false,1,Chef Demo,Customer 032,Sunday Roast Kit
#1128,2025-05-02T00:00:00+00:00,24.0,0,isGift: false,1,Cellar Demo,Customer 032,Wine Pairing
#1129,2025-05-19T00:00:00+00:00,35.0,0,isGift: false,1,Kitchen Demo,Customer 032,Pasta Night Box
#1130,2025-06-19T00:00:00+00:00,24.0,0,isGift: false,1,Cellar Demo,Customer 032,Wine Pairing
#1130,2025-06-19T00:00:00+00:00,18.0,0,isGift: false,1,Bakery Demo,Customer 032,Chocolate Dessert Box
#1131,2025-06-25T00:00:00+00:00,35.0,0,isGift: false,1,Kitchen Demo,Customer 032,Pasta Night Box
#1132,2025-07-09T00:00:00+00:00,35.0,0,isGift: false,1,Kitchen Demo,Customer 032,Pasta Night Box
#1133,2025-10-04T00:00:00+00:00,49.0,0,isGift: false,1,Chef Demo,Customer 032,Mediterranean Feast
#1134,2025-07-07T00:00:00+00:00,48.0,0,isGift: false,2,Cellar Demo,Customer 032,Wine Pairing
#1134,2025-07-07T00:00:00+00:00,39.0,0,isGift: false,1,Kitchen Demo,Customer 032,Taco Party Box
#1135,2025-05-05T00:00:00+00:00,24.0,5,isGift: false,1,Cellar Demo,Customer 033,Wine Pairing
#1136,2025-05-18T00:00:00+00:00,24.0,0,isGift: false,1,Cellar Demo,Customer 033,Wine Pairing
#1136,2025-05-18T00:00:00+00:00,49.0,0,isGift: false,1,Chef Demo,Customer 033,Mediterranean Feast
#1137,2025-07-10T00:00:00+00:00,42.0,0,isGift: false,1,Chef Demo,Customer 033,Sunday Roast Kit
#1138,2025-07-22T00:00:00+00:00,70.0,0,isGift: false,2,Kitchen Demo,Customer 033,Pasta Night Box
#1139,2025-05-08T00:00:00+00:00,70.0,5,isGift: false,2,Kitchen Demo,Customer 034,Pasta Night Box
#1140,2025-06-11T00:00:00+00:00,48.0,0,isGift: false,2,Cellar Demo,Customer 034,Wine Pairing
#1140,2025-06-11T00:00:00+00:00,39.0,0,"isGift: true
giftMessage: Enjoy!",1,Kitchen Demo,Customer 034,Taco Party Box
#1141,2025-06-25T00:00:00+00:00,24.0,0,isGift: false,1,Cellar Demo,Customer 034,Wine Pairing
#1142,2025-07-10T00:00:00+00:00,42.0,0,isGift: false,1,Chef Demo,Customer 034,Sunday Roast Kit
#1143,2025-07-27T00:00:00+00:00,42.0,0,isGift: false,1,Chef Demo,Customer 034,Sunday Roast Kit
#1143,2025-07-27T00:00:00+00:00,49.0,5,isGift: false,1,Chef Demo,Customer 034,Mediterranean Feast
#1144,2025-07-02T00:00:00+00:00,39.0,0,isGift: false,1,Kitchen Demo,Customer 034,Taco Party Box
#1145,2025-09-17T00:00:00+00:00,48.0,0,isGift: false,2,Cellar Demo,Customer 034,Wine Pairing
#1146,2025-11-20T00:00:00+00:00,42.0,0,isGift: false,1,Chef Demo,Customer 034,Sunday Roast Kit
#1146,2025-11-20T00:00:00+00:00,78.0,0,isGift: false,2,Kitchen Demo,Customer 034,Taco Party Box
#1147,2025-05-11T00:00:00+00:00,84.0,0,isGift: false,2,Chef Demo,Customer 035,Sunday Roast Kit
#1148,2025-06-07T00:00:00+00:00,24.0,0,isGift: false,1,Cellar Demo,Customer 035,Wine Pairing
#1148,2025-06-07T00:00:00+00:00,70.0,5,isGift: false,2,Kitchen Demo,Customer 035,Pasta Night Box
#1149,2025-06-12T00:00:00+00:00,36.0,0,"isGift: true
giftMessage: Enjoy!",2,Bakery Demo,Customer 035,Chocolate Dessert Box
#1150,2025-06-22T00:00:00+00:00,84.0,0,isGift: false,2,Chef Demo,Customer 035,Sunday Roast Kit
#1150,2025-06-22T00:00:00+00:00,98.0,0,isGift: false,2,Chef Demo,Customer 035,Mediterranean Feast
#1151,2025-05-14T00:00:00+00:00,42.0,5,isGift: false,1,Chef Demo,Customer 036,Sunday Roast Kit
#1151,2025-05-14T00:00:00+00:00,48.0,0,isGift: false,2,Cellar Demo,Customer 036,Wine Pairing
#1152,2025-05-17T00:00:00+00:00,42.0,0,isGift: false,1,Chef Demo,Customer 037,Sunday Roast Kit
#1153,2025-05-30T00:00:00+00:00,39.0,5,isGift: false,1,Kitchen Demo,Customer 037,Taco Party Box
#1153,2025-05-30T00:00:00+00:00,24.0,5,isGift: false,1,Cellar Demo,Customer 037,Wine Pairing
#1154,2025-07-26T00:00:00+00:00,24.0,5,isGift: false,1,Cellar Demo,Customer 037,Wine Pairing
#1154,2025-07-26T00:00:00+00:00,36.0,0,isGift: false,2,Bakery Demo,Customer 037,Chocolate Dessert Box
#1155,2025-06-25T00:00:00+00:00,39.0,0,isGift: false,1,Kitchen Demo,Customer 037,Taco Party Box
#1156,2025-05-20T00:00:00+00:00,24.0,0,isGift: false,1,Cellar Demo,Customer 038,Wine Pairing
#1157,2025-06-18T00:00:00+00:00,39.0,0,isGift: false,1,Kitchen Demo,Customer 038,Taco Party Box
#1158,2025-05-23T00:00:00+00:00,18.0,0,isGift: false,1,Bakery Demo,Customer 039,Chocolate Dessert Box
#1158,2025-05-23T00:00:00+00:00,84.0,0,isGift: false,2,Chef Demo,Customer 039,Sunday Roast Kit
#1159,2025-06-12T00:00:00+00:00,24.0,0,isGift: false,1,Cellar Demo,Customer 039,Wine Pairing
#1160,2025-05-26T00:00:00+00:00,49.0,0,isGift: false,1,Chef Demo,Customer 040,Mediterranean Feast
#1161,2025-06-30T00:00:00+00:00,49.0,0,isGift: false,1,Chef Demo,Customer 040,Mediterranean Feast
#1162,2025-06-21T00:00:00+00:00,48.0,0,isGift: false,2,Cellar Demo,Customer 040,Wine Pairing
#1163,2025-06-28T00:00:00+00:00,18.0,0,isGift: false,1,Bakery Demo,Customer 040,Chocolate Dessert Box
#1163,2025-06-28T00:00:00+00:00,35.0,5,isGift: false,1,Kitchen Demo,Customer 040,Pasta Night Box
#1164,2025-09-11T00:00:00+00:00,35.0,0,isGift: false,1,Kitchen Demo,Customer 040,Pasta Night Box
#1165,2025-11-12T00:00:00+00:00,18.0,0,isGift: false,1,Bakery Demo,Customer 040,Chocolate Dessert Box
#1165,2025-11-12T00:00:00+00:00,24.0,0,isGift: false,1,Cellar Demo,Customer 040,Wine Pairing
#1166,2025-09-17T00:00:00+00:00,35.0,0,isGift: false,1,Kitchen Demo,Customer 040,Pasta Night Box
#1166,2025-09-17T00:00:00+00:00,49.0,0,isGift: false,1,Chef Demo,Customer 040,Mediterranean Feast
#1167,2025-08-18T00:00:00+00:00,42.0,0,isGift: false,1,Chef Demo,Customer 040,Sunday Roast Kit
#1167,2025-08-18T00:00:00+00:00,39.0,0,isGift: false,1,Kitchen Demo,Customer 040,Taco Party Box
#1168,2025-05-29T00:00:00+00:00,18.0,0,isGift: false,1,Bakery Demo,Customer 041,Chocolate Dessert Box
#1169,2025-06-21T00:00:00+00:00,39.0,0,isGift: false,1,Kitchen Demo,Customer 041,Taco Party Box
#1170,2025-06-01T00:00:00+00:00,24.0,0,isGift: false,1,Cellar Demo,Customer 042,Wine Pairing
#1171,2025-06-12T00:00:00+00:00,18.0,0,isGift: false,1,Bakery Demo,Customer 042,Chocolate Dessert Box
#1172,2025-08-08T00:00:00+00:00,35.0,0,isGift: false,1,Kitchen Demo,Customer 042,Pasta Night Box
#1173,2025-08-09T00:00:00+00:00,39.0,0,isGift: false,1,Kitchen Demo,Customer 042,Taco Party Box
#1174,2025-10-03T00:00:00+00:00,98.0,5,"isGift: true
giftMessage: Enjoy!",2,Chef Demo,Customer 042,Mediterranean Feast
#1174,2025-10-03T00:00:00+00:00,78.0,0,isGift: false,2,Kitchen Demo,Customer 042,Taco Party Box
#1175,2025-10-19T00:00:00+00:00,24.0,5,isGift: false,1,Cellar Demo,Customer 042,Wine Pairing
#1176,2025-06-04T00:00:00+00:00,36.0,5,isGift: false,2,Bakery Demo,Customer 043,Chocolate Dessert Box
#1176,2025-06-04T00:00:00+00:00,78.0,0,isGift: false,2,Kitchen Demo,Customer 043,Taco Party Box
#1177,2025-06-30T00:00:00+00:00,35.0,0,isGift: false,1,Kitchen Demo,Customer 043,Pasta Night Box
#1178,2025-06-28T00:00:00+00:00,49.0,0,isGift: false,1,Chef Demo,Customer 043,Mediterranean Feast
#1179,2025-08-06T00:00:00+00:00,24.0,0,isGift: false,1,Cellar Demo,Customer 043,Wine Pairing
#1179,2025-08-06T00:00:00+00:00,42.0,0,isGift: false,1,Chef Demo,Customer 043,Sunday Roast Kit
#1180,2025-08-03T00:00:00+00:00,24.0,0,isGift: false,1,Cellar Demo,Customer 043,Wine Pairing
#1180,2025-08-03T00:00:00+00:00,39.0,0,isGift: false,1,Kitchen Demo,Customer 043,Taco Party Box
#1181,2025-10-27T00:00:00+00:00,24.0,0,isGift: false,1,Cellar Demo,Customer 043,Wine Pairing
#1182,2025-06-07T00:00:00+00:00,49.0,0,"isGift: true
giftMessage: Enjoy!",1,Chef Demo,Customer 044,Mediterranean Feast
#1183,2025-06-18T00:00:00+00:00,35.0,0,isGift: false,1,Kitchen Demo,Customer 044,Pasta Night Box
#1184,2025-08-04T00:00:00+00:00,39.0,0,isGift: false,1,Kitchen Demo,Customer 044,Taco Party Box
#1185,2025-07-10T00:00:00+00:00,18.0,0,isGift: false,1,Bakery Demo,Customer 044,Chocolate Dessert Box
#1186,2025-08-02T00:00:00+00:00,78.0,0,isGift: false,2,Kitchen Demo,Customer 044,Taco Party Box
#1186,2025-08-02T00:00:00+00:00,49.0,5,isGift: false,1,Chef Demo,Customer 044,Mediterranean Feast
#1187,2025-06-10T00:00:00+00:00,18.0,0,isGift: false,1,Bakery Demo,Customer 045,Chocolate Dessert Box
#1188,2025-07-03T00:00:00+00:00,24.0,0,isGift: false,1,Cellar Demo,Customer 045,Wine Pairing
#1188,2025-07-03T00:00:00+00:00,18.0,0,isGift: false,1,Bakery Demo,Customer 045,Chocolate Dessert Box
#1189,2025-07-16T00:00:00+00:00,48.0,0,isGift: false,2,Cellar Demo,Customer 045,Wine Pairing
#1189,2025-07-16T00:00:00+00:00,18.0,0,isGift: false,1,Bakery Demo,Customer 045,Chocolate Dessert Box
#1190,2025-09-14T00:00:00+00:00,42.0,0,isGift: false,1,Chef Demo,Customer 045,Sunday Roast Kit
#1190,2025-09-14T00:00:00+00:00,18.0,5,isGift: false,1,Bakery Demo,Customer 045,Chocolate Dessert Box
#1191,2025-10-16T00:00:00+00:00,24.0,0,isGift: false,1,Cellar Demo,Customer 045,Wine Pairing
#1191,2025-10-16T00:00:00+00:00,18.0,0,isGift: false,1,Bakery Demo,Customer 045,Chocolate Dessert Box
#1192,2025-09-18T00:00:00+00:00,39.0,5,isGift: false,1,Kitchen Demo,Customer 045,Taco Party Box
#1192,2025-09-18T00:00:00+00:00,84.0,0,isGift: false,2,Chef Demo,Customer 045,Sunday Roast Kit
#1193,2025-12-25T00:00:00+00:00,98.0,0,isGift: false,2,Chef Demo,Customer 045,Mediterranean Feast
#1193,2025-12-25T00:00:00+00:00,35.0,0,isGift: false,1,Kitchen Demo,Customer 045,Pasta Night Box
#1194,2025-12-30T00:00:00+00:00,42.0,0,isGift: false,1,Chef Demo,Customer 045,Sunday Roast Kit
#1194,2025-12-30T00:00:00+00:00,78.0,0,isGift: false,2,Kitchen Demo,Customer 045,Taco Party Box
#1195,2025-06-13T00:00:00+00:00,70.0,0,isGift: false,2,Kitchen Demo,Customer 046,Pasta Night Box
#1196,2025-06-29T00:00:00+00:00,36.0,0,isGift: false,2,Bakery Demo,Customer 046,Chocolate Dessert Box
#1197,2025-07-27T00:00:00+00:00,78.0,0,isGift: false,2,Kitchen Demo,Customer 046,Taco Party Box
#1198,2025-07-25T00:00:00+00:00,98.0,5,isGift: false,2,Chef Demo,Customer 046,Mediterranean Feast
#1198,2025-07-25T00:00:00+00:00,78.0,0,isGift: false,2,Kitchen Demo,Customer 046,Taco Party Box
#1199,2025-10-27T00:00:00+00:00,78.0,0,isGift: false,2,Kitchen Demo,Customer 046,Taco Party Box
#1200,2025-09-06T00:00:00+00:00,35.0,0,isGift: false,1,Kitchen Demo,Customer 046,Pasta Night Box
#1200,2025-09-06T00:00:00+00:00,49.0,0,isGift: false,1,Chef Demo,Customer 046,Mediterranean Feast
#1201,2025-10-11T00:00:00+00:00,24.0,0,isGift: false,1,Cellar Demo,Customer 046,Wine Pairing
#1201,2025-10-11T00:00:00+00:00,70.0,5,isGift: false,2,Kitchen Demo,Customer 046,Pasta Night Box
#1202,2026-01-23T00:00:00+00:00,18.0,0,"isGift: true
giftMessage: Enjoy!",1,Bakery Demo,Customer 046,Chocolate Dessert Box
#1203,2025-06-16T00:00:00+00:00,18.0,0,isGift: false,1,Bakery Demo,Customer 047,Chocolate Dessert Box
#1203,2025-06-16T00:00:00+00:00,24.0,0,isGift: false,1,Cellar Demo,Customer 047,Wine Pairing
#1204,2025-07-15T00:00:00+00:00,98.0,0,isGift: false,2,Chef Demo,Customer 047,Mediterranean Feast
#1205,2025-08-15T00:00:00+00:00,42.0,5,isGift: false,1,Chef Demo,Customer 047,Sunday Roast Kit
#1206,2025-06-19T00:00:00+00:00,42.0,0,isGift: false,1,Chef Demo,Customer 048,Sunday Roast Kit
#1207,2025-07-01T00:00:00+00:00,18.0,5,isGift: false,1,Bakery Demo,Customer 048,Chocolate Dessert Box
#1207,2025-07-01T00:00:00+00:00,48.0,0,"isGift: true
giftMessage: Enjoy!",2,Cellar Demo,Customer 048,Wine Pairing
#1208,2025-07-31T00:00:00+00:00,49.0,0,"isGift: true
giftMessage: Enjoy!",1,Chef Demo,Customer 048,Mediterranean Feast
#1209,2025-09-20T00:00:00+00:00,18.0,5,isGift: false,1,Bakery Demo,Customer 048,Chocolate Dessert Box
#1210,2025-10-05T00:00:00+00:00,24.0,0,isGift: false,1,Cellar Demo,Customer 048,Wine Pairing
#1211,2025-11-26T00:00:00+00:00,84.0,0,"isGift: true
giftMessage: Enjoy!",2,Chef Demo,Customer 048,Sunday Roast Kit
#1212,2025-06-22T00:00:00+00:00,49.0,0,isGift: false,1,Chef Demo,Customer 049,Mediterranean Feast
#1213,2025-07-11T00:00:00+00:00,18.0,0,"isGift: true
giftMessage: Enjoy!",1,Bakery Demo,Customer 049,Chocolate Dessert Box
#1214,2025-07-30T00:00:00+00:00,98.0,5,isGift: false,2,Chef Demo,Customer 049,Mediterranean Feast
#1215,2025-08-24T00:00:00+00:00,39.0,0,isGift: false,1,Kitchen Demo,Customer 049,Taco Party Box
#1216,2025-08-21T00:00:00+00:00,39.0,0,isGift: false,1,Kitchen Demo,Customer 049,Taco Party Box
#1217,2025-08-21T00:00:00+00:00,49.0,0,isGift: false,1,Chef Demo,Customer 049,Mediterranean Feast
#1217,2025-08-21T00:00:00+00:00,39.0,0,isGift: false,1,Kitchen Demo,Customer 049,Taco Party Box
#1218,2025-10-14T00:00:00+00:00,24.0,0,isGift: false,1,Cellar Demo,Customer 049,Wine Pairing
#1219,2025-09-07T00:00:00+00:00,70.0,0,isGift: false,2,Kitchen Demo,Customer 049,Pasta Night Box
#1219,2025-09-07T00:00:00+00:00,36.0,0,"isGift: true
giftMessage: Enjoy!",2,Bakery Demo,Customer 049,Chocolate Dessert Box
#1220,2025-06-25T00:00:00+00:00,48.0,0,isGift: false,2,Cellar Demo,Customer 050,Wine Pairing
#1220,2025-06-25T00:00:00+00:00,42.0,5,"isGift: true
giftMessage: Enjoy!",1,Chef Demo,Customer 050,Sunday Roast Kit
#1221,2025-07-29T00:00:00+00:00,35.0,0,isGift: false,1,Kitchen Demo,Customer 050,Pasta Night Box
#1222,2025-08-26T00:00:00+00:00,35.0,0,isGift: false,1,Kitchen Demo,Customer 050,Pasta Night Box
#1223,2025-09-11T00:00:00+00:00,35.0,5,isGift: false,1,Kitchen Demo,Customer 050,Pasta Night Box
#1224,2025-11-04T00:00:00+00:00,18.0,0,isGift: false,1,Bakery Demo,Customer 050,Chocolate Dessert Box
#1225,2025-09-23T00:00:00+00:00,42.0,0,isGift: false,1,Chef Demo,Customer 050,Sunday Roast Kit
#1225,2025-09-23T00:00:00+00:00,18.0,0,isGift: false,1,Bakery Demo,Customer 050,Chocolate Dessert Box
#1226,2025-06-28T00:00:00+00:00,35.0,0,isGift: false,1,Kitchen Demo,Customer 051,Pasta Night Box
#1226,2025-06-28T00:00:00+00:00,24.0,0,isGift: false,1,Cellar Demo,Customer 051,Wine Pairing
#1227,2025-07-30T00:00:00+00:00,35.0,0,isGift: false,1,Kitchen Demo,Customer 051,Pasta Night Box
#1228,2025-07-26T00:00:00+00:00,39.0,0,isGift: false,1,Kitchen Demo,Customer 051,Taco Party Box
#1229,2025-10-11T00:00:00+00:00,84.0,0,"isGift: true
giftMessage: Enjoy!",2,Chef Demo,Customer 051,Sunday Roast Kit
#1229,2025-10-11T00:00:00+00:00,18.0,0,isGift: false,1,Bakery Demo,Customer 051,Chocolate Dessert Box
#1230,2025-09-28T00:00:00+00:00,98.0,0,isGift: false,2,Chef Demo,Customer 051,Mediterranean Feast
#1230,2025-09-28T00:00:00+00:00,42.0,0,isGift: false,1,Chef Demo,Customer 051,Sunday Roast Kit
#1231,2025-12-15T00:00:00+00:00,18.0,0,isGift: false,1,Bakery Demo,Customer 051,Chocolate Dessert Box
#1232,2025-09-02T00:00:00+00:00,18.0,0,isGift: false,1,Bakery Demo,Customer 051,Chocolate Dessert Box
#1232,2025-09-02T00:00:00+00:00,42.0,0,isGift: false,1,Chef Demo,Customer 051,Sunday Roast Kit
#1233,2025-11-08T00:00:00+00:00,35.0,5,isGift: false,1,Kitchen Demo,Customer 051,Pasta Night Box
#1233,2025-11-08T00:00:00+00:00,42.0,0,isGift: false,1,Chef Demo,Customer 051,Sunday Roast Kit
#1234,2025-07-01T00:00:00+00:00,42.0,0,isGift: false,1,Chef Demo,Customer 052,Sunday Roast Kit
#1234,2025-07-01T00:00:00+00:00,48.0,0,isGift: false,2,Cellar Demo,Customer 052,Wine Pairing
#1235,2025-07-11T00:00:00+00:00,24.0,0,isGift: false,1,Cellar Demo,Customer 052,Wine Pairing
#1236,2025-08-26T00:00:00+00:00,24.0,0,isGift: false,1,Cellar Demo,Customer 052,Wine Pairing
#1237,2025-07-04T00:00:00+00:00,24.0,0,isGift: false,1,Cellar Demo,Customer 053,Wine Pairing
#1238,2025-07-19T00:00:00+00:00,39.0,5,isGift: false,1,Kitchen Demo,Customer 053,Taco Party Box
#1239,2025-09-06T00:00:00+00:00,70.0,0,isGift: false,2,Kitchen Demo,Customer 053,Pasta Night Box
#1240,2025-09-23T00:00:00+00:00,42.0,0,isGift: false,1,Chef Demo,Customer 053,Sunday Roast Kit
#1241,2025-08-25T00:00:00+00:00,78.0,0,isGift: false,2,Kitchen Demo,Customer 053,Taco Party Box
#1242,2025-07-07T00:00:00+00:00,24.0,0,isGift: false,1,Cellar Demo,Customer 054,Wine Pairing
#1242,2025-07-07T00:00:00+00:00,35.0,0,isGift: false,1,Kitchen Demo,Customer 054,Pasta Night Box
#1243,2025-07-19T00:00:00+00:00,36.0,0,isGift: false,2,Bakery Demo,Customer 054,Chocolate Dessert Box
#1243,2025-07-19T00:00:00+00:00,39.0,0,isGift: false,1,Kitchen Demo,Customer 054,Taco Party Box
#1244,2025-09-05T00:00:00+00:00,35.0,5,isGift: false,1,Kitchen Demo,Customer 054,Pasta Night Box
#1244,2025-09-05T00:00:00+00:00,18.0,0,isGift: false,1,Bakery Demo,Customer 054,Chocolate Dessert Box
#1245,2025-07-10T00:00:00+00:00,18.0,5,isGift: false,1,Bakery Demo,Customer 055,Chocolate Dessert Box
#1246,2025-07-13T00:00:00+00:00,18.0,0,isGift: false,1,Bakery Demo,Customer 056,Chocolate Dessert Box
#1247,2025-08-04T00:00:00+00:00,35.0,5,isGift: false,1,Kitchen Demo,Customer 056,Pasta Night Box
#1248,2025-09-09T00:00:00+00:00,18.0,0,"isGift: true
giftMessage: Enjoy!",1,Bakery Demo,Customer 056,Chocolate Dessert Box
#1249,2025-10-26T00:00:00+00:00,39.0,5,isGift: false,1,Kitchen Demo,Customer 056,Taco Party Box
#1250,2025-11-06T00:00:00+00:00,78.0,0,isGift: false,2,Kitchen Demo,Customer 056,Taco Party Box
#1251,2025-10-21T00:00:00+00:00,18.0,0,isGift: false,1,Bakery Demo,Customer 056,Chocolate Dessert Box
#1252,2025-09-11T00:00:00+00:00,24.0,0,isGift: false,1,Cellar Demo,Customer 056,Wine Pairing
#1253,2026-03-01T00:00:00+00:00,24.0,0,isGift: false,1,Cellar Demo,Customer 056,Wine Pairing
#1253,2026-03-01T00:00:00+00:00,98.0,0,isGift: false,2,Chef Demo,Customer 056,Mediterranean Feast
#1254,2025-07-16T00:00:00+00:00,18.0,0,isGift: false,1,Bakery Demo,Customer 057,Chocolate Dessert Box
#1255,2025-07-19T00:00:00+00:00,36.0,5,isGift: false,2,Bakery Demo,Customer 058,Chocolate Dessert Box
#1256,2025-08-08T00:00:00+00:00,39.0,0,isGift: false,1,Kitchen Demo,Customer 058,Taco Party Box
#1257,2025-09-07T00:00:00+00:00,24.0,0,isGift: false,1,Cellar Demo,Customer 058,Wine Pairing
#1257,2025-09-07T00:00:00+00:00,98.0,0,isGift: false,2,Chef Demo,Customer 058,Mediterranean Feast
#1258,2025-07-22T00:00:00+00:00,35.0,0,isGift: false,1,Kitchen Demo,Customer 059,Pasta Night Box
#1258,2025-07-22T00:00:00+00:00,18.0,0,isGift: false,1,Bakery Demo,Customer 059,Chocolate Dessert Box
#1259,2025-08-07T00:00:00+00:00,35.0,0,isGift: false,1,Kitchen Demo,Customer 059,Pasta Night Box
#1259,2025-08-07T00:00:00+00:00,18.0,0,isGift: false,1,Bakery Demo,Customer 059,Chocolate Dessert Box
#1260,2025-09-10T00:00:00+00:00,35.0,0,isGift: false,1,Kitchen Demo,Customer 059,Pasta Night Box
#1261,2025-07-25T00:00:00+00:00,18.0,0,isGift: false,1,Bakery Demo,Customer 060,Chocolate Dessert Box
#1262,2025-08-28T00:00:00+00:00,35.0,0,isGift: false,1,Kitchen Demo,Customer 060,Pasta Night Box
#1262,2025-08-28T00:00:00+00:00,49.0,0,isGift: false,1,Chef Demo,Customer 060,Mediterranean Feast
#1263,2025-08-26T00:00:00+00:00,35.0,0,isGift: false,1,Kitchen Demo,Customer 060,Pasta Night Box
#1263,2025-08-26T00:00:00+00:00,18.0,0,isGift: false,1,Bakery Demo,Customer 060,Chocolate Dessert Box
#1264,2025-10-11T00:00:00+00:00,42.0,0,isGift: false,1,Chef Demo,Customer 060,Sunday Roast Kit
#1265,2025-09-15T00:00:00+00:00,84.0,0,isGift: false,2,Chef Demo,Customer 060,Sunday Roast Kit
#1265,2025-09-15T00:00:00+00:00,49.0,0,isGift: false,1,Chef Demo,Customer 060,Mediterranean Feast
