Title,Vendor,Variant Price,Option1 Value,Status
Meal Kit 0001,Vendor 07,79.0,19th September,active
Meal Kit 0002,Vendor 07,95.0,19th September,active
Meal Kit 0003,Vendor 04,90.0,26th September,active
Meal Kit 0004,Vendor 10,65.0,19th September,active
Meal Kit 0005,Vendor 02,99.0,12th September,active
Meal Kit 0006,Vendor 15,75.0,19th September,active
Meal Kit 0007,Vendor 06,80.0,26th September,active
Meal Kit 0008,Vendor 16,95.0,22nd August,active
Meal Kit 0009,Vendor 18,95.0,8th August,active
Meal Kit 0010,Vendor 19,85.0,1st August,active
Meal Kit 0011,Vendor 03,95.0,5th September,active
Meal Kit 0012,Vendor 03,60.0,5th September,active
Meal Kit 0013,Vendor 06,28.0,13th June,active
Meal Kit 0014,Vendor 04,28.0,13th June,active
Meal Kit 0015,Vendor 12,60.0,4th July,active
Meal Kit 0016,Vendor 02,85.0,13th June,draft
Meal Kit 0017,Vendor 07,95.0,20th June,active
Meal Kit 0018,Vendor 08,65.0,13th June,active
Meal Kit 0019,Vendor 16,90.0,16th May,draft
Meal Kit 0020,Vendor 20,95.0,2nd May,draft
Meal Kit 0021,Vendor 01,28.0,13th June,active
Meal Kit 0022,Vendor 07,100.0,17th April,active
Meal Kit 0023,Vendor 08,60.0,13th June,active
Meal Kit 0024,Vendor 05,100.0,17th April,draft
Meal Kit 0025,Vendor 07,12.0,4th April,active
Meal Kit 0026,Vendor 04,95.0,13th June,active
Meal Kit 0027,Vendor 11,6.0,28th March,draft
Meal Kit 0028,Vendor 07,150.0,17th April,draft
Meal Kit 0029,Vendor 26,80.0,28th March,draft
Meal Kit 0030,Vendor 25,80.0,25th April,draft
Meal Kit 0031,Vendor 13,85.0,17th April,draft
Meal Kit 0032,Vendor 07,65.0,11th April,active
Meal Kit 0033,Vendor 08,70.0,4th April,active
Meal Kit 0034,Vendor 04,70.0,4th April,active
Meal Kit 0035,Vendor 23,90.0,4th April,active
Meal Kit 0036,Vendor 23,55.0,4th April,active
Meal Kit 0037,Vendor 01,55.0,21st March,active
Meal Kit 0038,Vendor 08,90.0,28th March,draft
Meal Kit 0039,Vendor 01,85.0,21st March,active
Meal Kit 0040,Vendor 07,95.0,28th March,active
Meal Kit 0041,Vendor 04,115.0,28th March,active
Meal Kit 0042,Vendor 09,95.0,28th March,active
Meal Kit 0043,Vendor 07,60.0,13th June,draft
Meal Kit 0044,Vendor 04,95.0,28th March,active
Meal Kit 0045,Vendor 05,136.0,14th February,active
Meal Kit 0046,Vendor 14,70.0,14th February,active
Meal Kit 0047,Vendor 09,55.0,14th February,active
Meal Kit 0048,Vendor 01,80.0,14th February,active
Meal Kit 0049,Vendor 06,80.0,14th February,active
Meal Kit 0050,Vendor 06,70.0,13th June,active
Meal Kit 0051,Vendor 27,85.0,14th March,draft
Meal Kit 0052,Vendor 19,85.0,28th February,draft
Meal Kit 0053,Vendor 09,55.0,14th February,active
Meal Kit 0054,Vendor 08,85.0,14th February,active
Meal Kit 0055,Vendor 05,95.0,14th February,active
Meal Kit 0056,Vendor 07,95.0,14th February,active
Meal Kit 0057,Vendor 12,90.0,14th February,draft
Meal Kit 0058,Vendor 04,65.0,14th February,draft
Meal Kit 0059,Vendor 11,100.0,14th February,draft
Meal Kit 0060,Vendor 01,85.0,14th February,active
Meal Kit 0061,Vendor 13,90.0,14th February,draft
Meal Kit 0062,Vendor 07,125.0,14th February,draft
Meal Kit 0063,Vendor 21,79.0,10th January,active
Meal Kit 0064,Vendor 07,65.0,10th January,draft
Meal Kit 0065,Vendor 08,70.0,10th January,active
Meal Kit 0066,Vendor 12,90.0,10th January,active
Meal Kit 0067,Vendor 04,85.0,6th December,draft
Meal Kit 0068,Vendor 05,95.0,10th January,archived
Meal Kit 0069,Vendor 02,95.0,10th January,draft
Meal Kit 0070,Vendor 07,95.0,10th January,draft
Meal Kit 0071,Vendor 11,95.0,10th January,draft
Meal Kit 0072,Vendor 26,42.0,6th December,draft
Meal Kit 0073,Vendor 26,90.0,6th December,draft
Meal Kit 0074,Vendor 26,131.0,6th December,draft
Meal Kit 0075,Vendor 11,100.0,31st December,draft
Meal Kit 0076,Vendor 13,120.0,24th December,draft
Meal Kit 0077,Vendor 06,15.0,24th December,active
Meal Kit 0078,Vendor 12,180.0,24th December,active
Meal Kit 0079,Vendor 12,100.0,24th December,active
Meal Kit 0080,Vendor 08,40.0,6th December,active
Meal Kit 0081,Vendor 29,25.0,6th December,active
Meal Kit 0082,Vendor 05,240.0,29th November,draft
Meal Kit 0083,Vendor 12,180.0,1st November,archived
Meal Kit 0084,Vendor 12,100.0,1st November,archived
Meal Kit 0085,Vendor 19,90.0,4th October,archived
Meal Kit 0086,Vendor 07,99.0,11th October,archived
Meal Kit 0087,Vendor 11,65.0,6th December,draft
Meal Kit 0088,Vendor 05,95.0,27th September,active
Meal Kit 0089,Vendor 01,90.0,13th September,active
Meal Kit 0090,Vendor 02,85.0,20th September,active
Meal Kit 0091,Vendor 08,95.0,12th September,active
Meal Kit 0092,Vendor 08,75.0,4th October,active
Meal Kit 0093,Vendor 07,95.0,27th September,active
Meal Kit 0094,Vendor 07,70.0,27th September,active
Meal Kit 0095,Vendor 11,99.0,19th September,active
Meal Kit 0096,Vendor 23,55.0,10th January,draft
Meal Kit 0097,Vendor 14,165.0,13th September,active
Meal Kit 0098,Vendor 04,55.0,10th January,active
Meal Kit 0099,Vendor 04,75.0,27th September,active
Meal Kit 0100,Vendor 06,80.0,20th September,active
Meal Kit 0101,Vendor 12,90.0,21st March,active
Meal Kit 0102,Vendor 12,79.0,20th September,active
Meal Kit 0103,Vendor 11,90.0,28th March,active
Meal Kit 0104,Vendor 22,95.0,9th August,draft
Meal Kit 0105,Vendor 17,80.0,15th August,active
Meal Kit 0106,Vendor 04,80.0,2nd August,draft
Meal Kit 0107,Vendor 07,120.0,11th July,active
Meal Kit 0108,Vendor 07,65.0,20th June,active
Meal Kit 0109,Vendor 05,85.0,20th June,active
Meal Kit 0110,Vendor 07,100.0,28th June,active
Meal Kit 0111,Vendor 10,65.0,21st June,draft
Meal Kit 0112,Vendor 06,70.0,4th April,active
Meal Kit 0113,Vendor 04,75.0,20th June,active
Meal Kit 0114,Vendor 11,90.0,20th June,active
Meal Kit 0115,Vendor 02,90.0,28th March,active
Meal Kit 0116,Vendor 08,140.0,14th June,draft
Meal Kit 0117,Vendor 08,85.0,14th June,draft
Meal Kit 0118,Vendor 08,80.0,14th June,draft
Meal Kit 0119,Vendor 13,85.0,30th May,active
Meal Kit 0120,Vendor 02,69.0,7th June,draft
Meal Kit 0121,Vendor 09,80.0,13th June,active
Meal Kit 0122,Vendor 09,55.0,13th June,active
Meal Kit 0123,Vendor 05,95.0,28th March,active
Meal Kit 0124,Vendor 12,79.0,7th June,draft
Meal Kit 0125,Vendor 12,85.0,13th June,active
Meal Kit 0126,Vendor 01,75.0,13th June,active
Meal Kit 0127,Vendor 19,90.0,17th May,active
Meal Kit 0128,Vendor 24,99.0,23rd May,draft
Meal Kit 0129,Vendor 14,85.0,3rd May,active
Meal Kit 0130,Vendor 17,89.0,5th April,draft
Meal Kit 0131,Vendor 13,60.0,12th April,active
Meal Kit 0132,Vendor 01,90.0,12th April,draft
Meal Kit 0133,Vendor 01,60.0,12th April,active
Meal Kit 0134,Vendor 01,55.0,12th April,draft
Meal Kit 0135,Vendor 05,95.0,4th April,active
Meal Kit 0136,Vendor 02,95.0,12th April,active
Meal Kit 0137,Vendor 02,85.0,12th April,active
Meal Kit 0138,Vendor 08,65.0,26th April,active
Meal Kit 0139,Vendor 08,95.0,26th April,draft
Meal Kit 0140,Vendor 07,95.0,19th April,draft
Meal Kit 0141,Vendor 07,95.0,19th April,draft
Meal Kit 0142,Vendor 11,85.0,19th April,draft
Meal Kit 0143,Vendor 04,115.0,19th April,active
Meal Kit 0144,Vendor 04,85.0,19th April,active
Meal Kit 0145,Vendor 04,65.0,19th April,active
Meal Kit 0146,Vendor 02,90.0,14th March,draft
Meal Kit 0147,Vendor 06,39.0,8th March,draft
Meal Kit 0148,Vendor 04,39.0,8th March,draft
Meal Kit 0149,Vendor 07,39.0,8th March,active
Meal Kit 0150,Vendor 20,110.0,23rd August,draft
Meal Kit 0151,Vendor 07,95.0,28th March,draft
Meal Kit 0152,Vendor 09,100.0,28th March,draft
Meal Kit 0153,Vendor 29,25.0,28th March,active
Meal Kit 0154,Vendor 17,160.0,17th April,draft
Meal Kit 0155,Vendor 13,50.0,8th March,draft
Meal Kit 0156,Vendor 08,85.0,8th March,draft
Meal Kit 0157,Vendor 08,155.0,8th March,draft
Meal Kit 0158,Vendor 07,100.0,8th March,draft
Meal Kit 0159,Vendor 29,25.0,8th March,draft
Meal Kit 0160,Vendor 33,0.0,8th March,active
Meal Kit 0161,Vendor 07,55.0,8th March,active
Meal Kit 0162,Vendor 11,65.0,8th March,draft
Meal Kit 0163,Vendor 10,65.0,8th March,draft
Meal Kit 0164,Vendor 04,85.0,8th March,draft
Meal Kit 0165,Vendor 08,89.0,8th March,draft
Meal Kit 0166,Vendor 28,65.0,7th March,draft
Meal Kit 0167,Vendor 32,65.0,8th March,draft
Meal Kit 0168,Vendor 11,65.0,19th January,draft
Meal Kit 0169,Vendor 13,28.0,16th May,active
Meal Kit 0170,Vendor 13,32.0,6th September,draft
Meal Kit 0171,Vendor 13,29.0,14th February,draft
Meal Kit 0172,Vendor 01,85.0,9th February,active
Meal Kit 0173,Vendor 13,99.0,9th February,active
Meal Kit 0174,Vendor 07,125.0,9th February,active
Meal Kit 0175,Vendor 11,11.0,10th January,active
Meal Kit 0176,Vendor 04,55.0,26th January,draft
Meal Kit 0177,Vendor 13,50.0,19th January,draft
Meal Kit 0178,Vendor 10,65.0,12th January,draft
Meal Kit 0179,Vendor 16,75.0,22nd December,active
Meal Kit 0180,Vendor 13,60.0,22nd December,active
Meal Kit 0181,Vendor 34,90.0,30th December,active
Meal Kit 0182,Vendor 16,35.0,1st December,active
Meal Kit 0183,Vendor 13,45.0,8th December,active
Meal Kit 0184,Vendor 02,55.0,22nd December,active
Meal Kit 0185,Vendor 02,70.0,24th December,active
Meal Kit 0186,Vendor 07,16.0,1st December,active
Meal Kit 0187,Vendor 07,85.0,2nd February,draft
Meal Kit 0188,Vendor 04,85.0,8th December,draft
Meal Kit 0189,Vendor 13,60.0,15th December,active
Meal Kit 0190,Vendor 13,135.0,15th December,active
Meal Kit 0191,Vendor 13,140.0,15th December,active
Meal Kit 0192,Vendor 13,60.0,28th February,active
Meal Kit 0193,Vendor 13,55.0,17th January,active
Meal Kit 0194,Vendor 13,39.0,8th December,active
Meal Kit 0195,Vendor 07,15.0,22nd December,active
Meal Kit 0196,Vendor 01,180.0,24th December,draft
Meal Kit 0197,Vendor 13,170.0,22nd December,archived
Meal Kit 0198,Vendor 13,15.0,22nd December,active
Meal Kit 0199,Vendor 20,12.0,22nd December,archived
Meal Kit 0200,Vendor 01,95.0,24th December,draft
Meal Kit 0201,Vendor 01,100.0,24th December,draft
Meal Kit 0202,Vendor 07,125.0,22nd December,active
Meal Kit 0203,Vendor 07,230.0,24th December,active
Meal Kit 0204,Vendor 07,130.0,24th December,active
Meal Kit 0205,Vendor 11,79.0,1st December,active
Meal Kit 0206,Vendor 14,100.0,31st December,draft
Meal Kit 0207,Vendor 06,95.0,24th December,active
Meal Kit 0208,Vendor 05,69.0,4th July,active
Meal Kit 0209,Vendor 05,85.0,17th November,draft
Meal Kit 0210,Vendor 20,100.0,27th June,draft
Meal Kit 0211,Vendor 11,0.0,3rd November,archived
Meal Kit 0212,Vendor 14,0.0,3rd November,archived
Meal Kit 0213,Vendor 23,120.0,24th December,draft
Meal Kit 0214,Vendor 14,42.0,1st August,active
Meal Kit 0215,Vendor 14,65.0,10th January,active
Meal Kit 0216,Vendor 13,0.0,27th October,archived
Meal Kit 0217,Vendor 01,0.0,27th October,archived
Meal Kit 0218,Vendor 01,0.0,27th October,archived
Meal Kit 0219,Vendor 07,0.0,27th October,archived
Meal Kit 0220,Vendor 13,13.0,27th October,active
Meal Kit 0221,Vendor 17,8.0,20th October,archived
Meal Kit 0222,Vendor 36,70.0,20th October,archived
Meal Kit 0223,Vendor 04,70.0,17th January,active
Meal Kit 0224,Vendor 04,28.0,17th January,active
Meal Kit 0225,Vendor 04,29.0,17th January,active
Meal Kit 0226,Vendor 04,27.0,17th January,active
Meal Kit 0227,Vendor 33,55.0,25th December,archived
Meal Kit 0228,Vendor 33,70.0,25th December,archived
Meal Kit 0229,Vendor 37,55.0,27th October,active
Meal Kit 0230,Vendor 08,10.0,Default Title,active
Meal Kit 0231,Vendor 31,15.0,29th September,archived
Meal Kit 0232,Vendor 11,32.0,17th January,active
Meal Kit 0233,Vendor 11,40.0,17th January,active
Meal Kit 0234,Vendor 11,28.0,17th January,active
Meal Kit 0235,Vendor 11,85.0,17th January,active
Meal Kit 0236,Vendor 13,90.0,18th October,archived
Meal Kit 0237,Vendor 11,33.0,22nd September,active
Meal Kit 0238,Vendor 14,75.0,15th September,archived
Meal Kit 0239,Vendor 07,26.0,1st September,archived
Meal Kit 0240,Vendor 13,59.0,22nd November,active
Meal Kit 0241,Vendor 08,80.0,22nd September,active
Meal Kit 0242,Vendor 08,55.0,6th October,draft
Meal Kit 0243,Vendor 07,95.0,29th September,draft
Meal Kit 0244,Vendor 07,90.0,29th September,draft
Meal Kit 0245,Vendor 07,14.0,29th September,active
Meal Kit 0246,Vendor 04,85.0,6th October,active
Meal Kit 0247,Vendor 16,45.0,6th October,archived
Meal Kit 0248,Vendor 06,50.0,4th July,active
Meal Kit 0249,Vendor 06,55.0,4th July,active
Meal Kit 0250,Vendor 06,95.0,4th July,active
Meal Kit 0251,Vendor 07,80.0,1st September,archived
Meal Kit 0252,Vendor 38,45.0,25th August,archived
Meal Kit 0253,Vendor 38,114.0,25th August,archived
Meal Kit 0254,Vendor 11,18.99,Default Title,archived
Meal Kit 0255,Vendor 11,85.0,11th August,archived
Meal Kit 0256,Vendor 31,95.0,25th December,archived
Meal Kit 0257,Vendor 04,2.0,26th December,archived
Meal Kit 0258,Vendor 31,85.0,25th December,archived
Meal Kit 0259,Vendor 09,50.0,Default Title,archived
Meal Kit 0260,Vendor 08,80.0,Default Title,archived
Meal Kit 0261,Vendor 25,70.0,Default Title,archived
Meal Kit 0262,Vendor 07,95.0,Default Title,archived
Meal Kit 0263,Vendor 14,66.0,Default Title,archived
Meal Kit 0264,Vendor 10,60.0,Default Title,archived
Meal Kit 0265,Vendor 06,45.0,Default Title,archived
Meal Kit 0266,Vendor 06,38.0,Default Title,archived
Meal Kit 0267,Vendor 13,24.0,23rd June,draft
Meal Kit 0268,Vendor 08,55.0,30th June,archived
Meal Kit 0269,Vendor 31,69.0,Default,active
Meal Kit 0270,Vendor 13,40.0,16th June,archived
Meal Kit 0271,Vendor 13,50.0,16th June,archived
Meal Kit 0272,Vendor 09,65.0,16th June,archived
Meal Kit 0273,Vendor 09,35.0,16th June,archived
Meal Kit 0274,Vendor 13,25.0,14th February,draft
Meal Kit 0275,Vendor 13,29.0,14th February,draft
Meal Kit 0276,Vendor 13,24.0,14th February,active
Meal Kit 0277,Vendor 13,30.0,17th January,active
Meal Kit 0278,Vendor 13,65.0,30th May,active
Meal Kit 0279,Vendor 13,50.0,17th January,active
Meal Kit 0280,Vendor 14,59.0,4th August,archived
Meal Kit 0281,Vendor 11,29.0,1st July,archived
Meal Kit 0282,Vendor 39,85.0,9th June,archived
Meal Kit 0283,Vendor 40,19.0,1st July,archived
Meal Kit 0284,Vendor 40,60.0,1st July,archived
Meal Kit 0285,Vendor 14,38.0,1st July,archived
Meal Kit 0286,Vendor 07,80.0,1st July,archived
Meal Kit 0287,Vendor 01,70.0,1st July,archived
Meal Kit 0288,Vendor 41,85.0,1st July,archived
Meal Kit 0289,Vendor 06,12.0,10th January,active
Meal Kit 0290,Vendor 13,60.0,14th February,active
Meal Kit 0291,Vendor 41,65.0,1st July,archived
Meal Kit 0292,Vendor 06,10.0,26th May,archived
Meal Kit 0293,Vendor 22,85.0,13th June,active
Meal Kit 0294,Vendor 06,70.0,1st July,archived
Meal Kit 0295,Vendor 34,75.0,2nd June,archived
Meal Kit 0296,Vendor 42,10.0,26th May,archived
Meal Kit 0297,Vendor 42,38.0,26th May,archived
Meal Kit 0298,Vendor 42,38.0,26th May,archived
Meal Kit 0299,Vendor 14,159.0,5th May,archived
Meal Kit 0300,Vendor 14,30.0,5th May,archived
Meal Kit 0301,Vendor 06,0.0,28th April,archived
Meal Kit 0302,Vendor 06,70.0,28th April,archived
Meal Kit 0303,Vendor 04,39.0,28th April,archived
Meal Kit 0304,Vendor 07,95.0,1st July,archived
Meal Kit 0305,Vendor 14,147.5,5th May,archived
Meal Kit 0306,Vendor 07,130.0,1st July,archived
Meal Kit 0307,Vendor 13,65.0,6th April,archived
Meal Kit 0308,Vendor 34,10.0,5th May,archived
Meal Kit 0309,Vendor 07,14.0,6th April,archived
Meal Kit 0310,Vendor 07,85.0,6th April,archived
Meal Kit 0311,Vendor 07,175.0,5th May,archived
Meal Kit 0312,Vendor 35,79.0,14th April,archived
Meal Kit 0313,Vendor 43,60.0,5th May,archived
Meal Kit 0314,Vendor 04,75.0,28th April,archived
Meal Kit 0315,Vendor 44,45.0,3rd May,archived
Meal Kit 0316,Vendor 11,29.0,6th April,archived
Meal Kit 0317,Vendor 11,55.0,6th April,archived
Meal Kit 0318,Vendor 34,36.0,21st April,archived
Meal Kit 0319,Vendor 34,85.0,5th May,archived
Meal Kit 0320,Vendor 17,149.0,6th April,archived
Meal Kit 0321,Vendor 17,80.0,5th May,archived
Meal Kit 0322,Vendor 11,115.0,17th March,archived
Meal Kit 0323,Vendor 32,22.0,17th March,archived
Meal Kit 0324,Vendor 31,0.0,Default Title,active
Meal Kit 0325,Vendor 41,55.0,1st July,archived
Meal Kit 0326,Vendor 41,85.0,5th May,archived
Meal Kit 0327,Vendor 45,84.0,10th March,archived
Meal Kit 0328,Vendor 45,50.0,10th March,archived
Meal Kit 0329,Vendor 45,127.0,10th March,archived
Meal Kit 0330,Vendor 46,113.0,1st April,archived
Meal Kit 0331,Vendor 11,108.0,10th March,archived
Meal Kit 0332,Vendor 13,65.0,10th March,archived
Meal Kit 0333,Vendor 14,85.0,1st August,active
Meal Kit 0334,Vendor 47,80.0,1st April,archived
Meal Kit 0335,Vendor 34,104.0,10th March,archived
Meal Kit 0336,Vendor 16,38.0,Default Title,archived
Meal Kit 0337,Vendor 43,69.0,6th January,archived
Meal Kit 0338,Vendor 45,12.0,17th February,archived
Meal Kit 0339,Vendor 48,38.0,24th February,archived
Meal Kit 0340,Vendor 43,38.0,Default Title,archived
Meal Kit 0341,Vendor 35,79.0,17th February,archived
Meal Kit 0342,Vendor 35,40.0,17th February,archived
Meal Kit 0343,Vendor 13,40.0,10th February,archived
Meal Kit 0344,Vendor 14,17.0,10th February,archived
Meal Kit 0345,Vendor 44,35.0,10th February,archived
Meal Kit 0346,Vendor 14,35.0,3rd May,archived
Meal Kit 0347,Vendor 17,45.0,13th October,archived
Meal Kit 0348,Vendor 04,7.0,3rd February,archived
Meal Kit 0349,Vendor 13,24.0,10th February,draft
Meal Kit 0350,Vendor 13,34.0,10th February,active
Meal Kit 0351,Vendor 13,25.0,10th February,active
Meal Kit 0352,Vendor 13,26.0,10th February,draft
Meal Kit 0353,Vendor 13,36.0,10th February,draft
Meal Kit 0354,Vendor 13,32.0,10th February,active
Meal Kit 0355,Vendor 13,58.0,10th February,active
Meal Kit 0356,Vendor 13,26.0,10th February,draft
Meal Kit 0357,Vendor 14,59.0,3rd May,archived
Meal Kit 0358,Vendor 13,85.0,10th February,archived
Meal Kit 0359,Vendor 34,72.0,27th January,archived
Meal Kit 0360,Vendor 34,45.0,27th January,archived
Meal Kit 0361,Vendor 34,36.0,27th January,archived
Meal Kit 0362,Vendor 34,32.0,27th January,archived
Meal Kit 0363,Vendor 49,8.0,20th January,archived
Meal Kit 0364,Vendor 07,16.0,20th January,archived
Meal Kit 0365,Vendor 04,85.0,27th January,archived
Meal Kit 0366,Vendor 45,89.0,13th January,archived
Meal Kit 0367,Vendor 45,99.0,13th January,archived
Meal Kit 0368,Vendor 45,60.0,13th January,archived
Meal Kit 0369,Vendor 45,38.0,1st March,archived
Meal Kit 0370,Vendor 47,13.0,5th May,archived
Meal Kit 0371,Vendor 47,60.0,1st April,archived
Meal Kit 0372,Vendor 47,28.0,BBQ Pork Belly,archived
Meal Kit 0373,Vendor 09,35.0,6th January,archived
Meal Kit 0374,Vendor 09,35.0,6th January,archived
Meal Kit 0375,Vendor 09,35.0,5th May,archived
Meal Kit 0376,Vendor 09,55.0,1st September,active
Meal Kit 0377,Vendor 49,29.0,20th January,archived
Meal Kit 0378,Vendor 50,55.0,5th May,archived
Meal Kit 0379,Vendor 32,39.0,6th January,archived
Meal Kit 0380,Vendor 34,65.0,5th May,archived
Meal Kit 0381,Vendor 44,100.0,30th December,archived
Meal Kit 0382,Vendor 14,170.0,30th December,draft
Meal Kit 0383,Vendor 14,70.0,30th December,archived
Meal Kit 0384,Vendor 07,38.0,13th January,archived
Meal Kit 0385,Vendor 07,89.0,20th January,active
Meal Kit 0386,Vendor 07,0.0,Default Title,archived
Meal Kit 0387,Vendor 13,72.0,2nd December,draft
Meal Kit 0388,Vendor 32,0.0,Default Title,archived
Meal Kit 0389,Vendor 11,29.0,Default Title,archived
Meal Kit 0390,Vendor 11,49.0,1st February,archived
Meal Kit 0391,Vendor 11,79.0,Default Title,archived
Meal Kit 0392,Vendor 51,50.0,27th January,archived
Meal Kit 0393,Vendor 52,28.0,6th April,archived
Meal Kit 0394,Vendor 14,0.0,Default Title,archived
Meal Kit 0395,Vendor 13,19.0,11th November,active
Meal Kit 0396,Vendor 31,1.0,Default Title,active
Meal Kit 0397,Vendor 45,38.0,6th January,archived
Meal Kit 0398,Vendor 06,16.0,2nd December,archived
Meal Kit 0399,Vendor 51,8.0,2nd December,archived
Meal Kit 0400,Vendor 13,155.0,2nd December,draft
Meal Kit 0401,Vendor 13,160.0,2nd December,draft
Meal Kit 0402,Vendor 13,70.0,2nd December,draft
Meal Kit 0403,Vendor 13,62.0,2nd December,draft
Meal Kit 0404,Vendor 13,62.0,2nd December,archived
Meal Kit 0405,Vendor 13,60.0,2nd December,archived
Meal Kit 0406,Vendor 29,25.0,2nd December,archived
Meal Kit 0407,Vendor 29,25.0,2nd December,archived
Meal Kit 0408,Vendor 29,25.0,15th March,active
Meal Kit 0409,Vendor 29,25.0,2nd December,archived
Meal Kit 0410,Vendor 29,25.0,2nd December,archived
Meal Kit 0411,Vendor 51,80.0,2nd December,archived
Meal Kit 0412,Vendor 51,50.0,2nd December,archived
Meal Kit 0413,Vendor 07,140.0,2nd December,active
Meal Kit 0414,Vendor 07,38.0,Default Title,archived
Meal Kit 0415,Vendor 07,140.0,27th October,archived
Meal Kit 0416,Vendor 11,28.0,2nd December,archived
Meal Kit 0417,Vendor 11,105.0,2nd December,archived
Meal Kit 0418,Vendor 11,180.0,2nd December,archived
Meal Kit 0419,Vendor 10,45.0,23rd December,archived
Meal Kit 0420,Vendor 22,35.0,2nd December,archived
Meal Kit 0421,Vendor 04,125.0,2nd December,archived
Meal Kit 0422,Vendor 04,200.0,2nd December,archived
Meal Kit 0423,Vendor 10,170.0,2nd December,archived
Meal Kit 0424,Vendor 10,45.0,Default Title,archived
Meal Kit 0425,Vendor 10,95.0,2nd December,archived
Meal Kit 0426,Vendor 34,130.0,Default Title,archived
Meal Kit 0427,Vendor 07,120.0,11th November,archived
Meal Kit 0428,Vendor 50,29.0,10th January,archived
Meal Kit 0429,Vendor 19,30.0,7th October,archived
Meal Kit 0430,Vendor 07,16.0,11th November,archived
Meal Kit 0431,Vendor 09,48.0,Default Title,archived
Meal Kit 0432,Vendor 09,32.5,Butter paneer,archived
Meal Kit 0433,Vendor 04,85.0,4th November,archived
Meal Kit 0434,Vendor 25,70.0,5th May,archived
Meal Kit 0435,Vendor 11,35.0,Default Title,archived
Meal Kit 0436,Vendor 31,1.0,Default Title,active
Meal Kit 0437,Vendor 53,30.0,8th November,archived
Meal Kit 0438,Vendor 53,69.0,Default Title,archived
Meal Kit 0439,Vendor 32,65.0,11th November,archived
Meal Kit 0440,Vendor 41,85.0,11th November,archived
Meal Kit 0441,Vendor 19,60.0,11th November,archived
Meal Kit 0442,Vendor 48,30.0,8th November,archived
Meal Kit 0443,Vendor 13,21.0,9th September,active
Meal Kit 0444,Vendor 45,60.0,6th January,archived
Meal Kit 0445,Vendor 45,32.0,13th December,archived
Meal Kit 0446,Vendor 45,85.0,11th November,archived
Meal Kit 0447,Vendor 52,28.0,5th May,archived
Meal Kit 0448,Vendor 52,28.0,8th November,archived
Meal Kit 0449,Vendor 14,45.0,1st August,active
Meal Kit 0450,Vendor 54,55.0,19th August,archived
Meal Kit 0451,Vendor 55,13.5,13th January,archived
Meal Kit 0452,Vendor 55,48.0,13th January,archived
Meal Kit 0453,Vendor 56,15.0,19th August,archived
Meal Kit 0454,Vendor 56,70.0,13th August,archived
Meal Kit 0455,Vendor 41,115.0,19th August,archived
Meal Kit 0456,Vendor 41,80.0,19th August,archived
Meal Kit 0457,Vendor 41,0.0,Default Title,archived
Meal Kit 0458,Vendor 57,90.0,30th September,archived
Meal Kit 0459,Vendor 11,28.0,11th November,archived
Meal Kit 0460,Vendor 06,95.0,30th September,archived
Meal Kit 0461,Vendor 44,75.0,5th May,archived
Meal Kit 0462,Vendor 58,34.0,Default Title,archived
Meal Kit 0463,Vendor 58,60.0,Default Title,archived
Meal Kit 0464,Vendor 32,35.0,5th May,archived
Meal Kit 0465,Vendor 32,65.0,1st December,draft
Meal Kit 0466,Vendor 44,28.0,13th August,archived
Meal Kit 0467,Vendor 13,14.0,Default Title,draft
Meal Kit 0468,Vendor 59,55.0,19th August,archived
Meal Kit 0469,Vendor 16,8.0,19th August,archived
Meal Kit 0470,Vendor 16,65.0,19th August,archived
Meal Kit 0471,Vendor 50,25.0,11th October,archived
Meal Kit 0472,Vendor 07,45.0,20th May,archived
Meal Kit 0473,Vendor 07,89.0,Default Title,archived
Meal Kit 0474,Vendor 07,14.0,1st July,archived
Meal Kit 0475,Vendor 07,75.0,19th August,archived
Meal Kit 0476,Vendor 60,50.0,Default Title,archived
Meal Kit 0477,Vendor 06,69.0,6th January,archived
Meal Kit 0478,Vendor 06,12.0,4th July,active
Meal Kit 0479,Vendor 11,55.0,19th August,archived
Meal Kit 0480,Vendor 11,79.0,19th August,archived
Meal Kit 0481,Vendor 11,35.0,26th August,archived
Meal Kit 0482,Vendor 61,62.0,Chicken & Prawn colombo,archived
Meal Kit 0483,Vendor 34,65.0,Default Title,archived
Meal Kit 0484,Vendor 45,49.0,27th December,archived
Meal Kit 0485,Vendor 45,79.0,19th August,archived
Meal Kit 0486,Vendor 45,99.0,13th August,archived
Meal Kit 0487,Vendor 07,79.0,Default Title,archived
Meal Kit 0488,Vendor 62,45.0,Default Title,archived
Meal Kit 0489,Vendor 52,40.0,16th August,archived
Meal Kit 0490,Vendor 52,35.0,16th August,archived
Meal Kit 0491,Vendor 63,26.0,Default Title,archived
Meal Kit 0492,Vendor 63,65.0,Kala Channa,archived
Meal Kit 0493,Vendor 30,23.0,19th August,archived
Meal Kit 0494,Vendor 30,25.0,Default Title,archived
Meal Kit 0495,Vendor 55,35.0,Default Title,archived
Meal Kit 0496,Vendor 64,50.0,Default Title,archived
Meal Kit 0497,Vendor 13,79.0,Default Title,archived
Meal Kit 0498,Vendor 13,15.0,Default Title,draft
Meal Kit 0499,Vendor 13,19.0,18th January,active
Meal Kit 0500,Vendor 14,0.0,Default Title,draft
Meal Kit 0501,Vendor 14,33.0,Default Title,archived
Meal Kit 0502,Vendor 31,5.0,13th August,archived
Meal Kit 0503,Vendor 65,55.0,Default Title,archived
Meal Kit 0504,Vendor 44,45.0,Default Title,archived
Meal Kit 0505,Vendor 58,34.0,Default Title,archived
Meal Kit 0506,Vendor 58,60.0,Default Title,archived
Meal Kit 0507,Vendor 11,40.0,Default Title,archived
Meal Kit 0508,Vendor 57,85.0,Default Title,archived
Meal Kit 0509,Vendor 04,79.0,19th August,archived
Meal Kit 0510,Vendor 04,79.0,19th August,archived
Meal Kit 0511,Vendor 07,14.0,Default Title,archived
Meal Kit 0512,Vendor 07,79.0,Default Title,archived
Meal Kit 0513,Vendor 32,4.0,Default Title,archived
Meal Kit 0514,Vendor 32,5.0,Default Title,archived
Meal Kit 0515,Vendor 32,35.0,Default Title,archived
Meal Kit 0516,Vendor 32,32.0,Default Title,archived
Meal Kit 0517,Vendor 32,5.0,Default Title,archived
Meal Kit 0518,Vendor 32,2.0,Default Title,archived
Meal Kit 0519,Vendor 32,4.0,Default Title,archived
Meal Kit 0520,Vendor 32,5.0,Default Title,archived
Meal Kit 0521,Vendor 32,29.0,Default Title,archived
Meal Kit 0522,Vendor 41,79.0,Lamb shawarma,archived
Meal Kit 0523,Vendor 66,48.0,Default Title,archived
Meal Kit 0524,Vendor 34,65.0,11th November,archived
Meal Kit 0525,Vendor 34,55.0,11th November,archived
Meal Kit 0526,Vendor 34,0.0,Default Title,archived
Meal Kit 0527,Vendor 34,0.0,Default Title,archived
Meal Kit 0528,Vendor 34,0.0,Default Title,archived
Meal Kit 0529,Vendor 34,0.0,Default Title,archived
Meal Kit 0530,Vendor 34,0.0,Default Title,archived
Meal Kit 0531,Vendor 34,0.0,Default Title,archived
Meal Kit 0532,Vendor 34,0.0,Default Title,archived
Meal Kit 0533,Vendor 34,0.0,Default Title,archived
Meal Kit 0534,Vendor 34,0.0,Default Title,archived
Meal Kit 0535,Vendor 34,0.0,Default Title,archived
Meal Kit 0536,Vendor 34,60.0,Default Title,archived
Meal Kit 0537,Vendor 62,29.0,8th November,archived
Meal Kit 0538,Vendor 40,55.0,Default Title,archived
Meal Kit 0539,Vendor 52,70.0,19th August,archived
Meal Kit 0540,Vendor 52,75.0,19th August,archived
Meal Kit 0541,Vendor 50,25.0,Default Title,archived
Meal Kit 0542,Vendor 50,12.0,Default Title,archived
Meal Kit 0543,Vendor 50,50.0,Default Title,archived
Meal Kit 0544,Vendor 30,27.0,13th August,archived
Meal Kit 0545,Vendor 67,45.0,Default Title,archived
Meal Kit 0546,Vendor 67,60.0,Default Title,archived
Meal Kit 0547,Vendor 68,8.0,Default Title,archived
Meal Kit 0548,Vendor 69,79.0,Cannelloni,archived
Meal Kit 0549,Vendor 55,20.0,Default Title,archived
Meal Kit 0550,Vendor 55,20.0,Default Title,archived
Meal Kit 0551,Vendor 55,45.0,24th February,archived
Meal Kit 0552,Vendor 31,1.0,Default Title,archived
Meal Kit 0553,Vendor 11,59.0,Default Title,archived
Meal Kit 0554,Vendor 57,29.0,Default Title,archived
Meal Kit 0555,Vendor 22,34.0,Default Title,archived
Meal Kit 0556,Vendor 34,130.0,Default Title,draft
Meal Kit 0557,Vendor 34,70.0,Default Title,draft
Meal Kit 0558,Vendor 04,79.0,Default Title,archived
Meal Kit 0559,Vendor 10,59.0,Default Title,archived
Meal Kit 0560,Vendor 11,110.0,Default Title,archived
Meal Kit 0561,Vendor 11,100.0,Default Title,archived
Meal Kit 0562,Vendor 11,65.0,Default Title,archived
Meal Kit 0563,Vendor 70,99.0,Default Title,archived
Meal Kit 0564,Vendor 68,29.0,Default Title,archived
Meal Kit 0565,Vendor 71,40.0,Beef ayamase,archived
Meal Kit 0566,Vendor 72,70.0,Default Title,archived
Meal Kit 0567,Vendor 72,70.0,Default Title,archived
Meal Kit 0568,Vendor 73,6.0,Default Title,archived
Meal Kit 0569,Vendor 73,32.0,Default Title,archived
Meal Kit 0570,Vendor 32,35.0,Default Title,archived
Meal Kit 0571,Vendor 74,60.0,Default Title,archived
Meal Kit 0572,Vendor 57,28.5,11th November,archived
Meal Kit 0573,Vendor 11,100.0,Default Title,archived
Meal Kit 0574,Vendor 11,90.0,Default Title,archived
Meal Kit 0575,Vendor 50,13.0,Default Title,archived
Meal Kit 0576,Vendor 50,6.0,Default Title,archived
Meal Kit 0577,Vendor 50,6.0,Default Title,archived
Meal Kit 0578,Vendor 50,6.0,Default Title,archived
Meal Kit 0579,Vendor 50,7.0,Default Title,archived
Meal Kit 0580,Vendor 50,7.0,Default Title,archived
Meal Kit 0581,Vendor 50,29.0,Merguez,archived
Meal Kit 0582,Vendor 11,29.0,Default Title,archived
Meal Kit 0583,Vendor 22,11.0,Default Title,archived
Meal Kit 0584,Vendor 11,60.0,Default Title,archived
Meal Kit 0585,Vendor 11,55.0,Default Title,archived
Meal Kit 0586,Vendor 22,13.0,Default Title,archived
Meal Kit 0587,Vendor 22,29.0,Default Title,archived
Meal Kit 0588,Vendor 16,35.0,Default Title,archived
Meal Kit 0589,Vendor 58,29.0,Default Title,archived
Meal Kit 0590,Vendor 30,23.0,Default Title,archived
Meal Kit 0591,Vendor 30,27.0,Default Title,archived
Meal Kit 0592,Vendor 45,79.0,Default Title,archived
Meal Kit 0593,Vendor 45,79.0,Default Title,archived
Meal Kit 0594,Vendor 41,75.0,Default Title,archived
Meal Kit 0595,Vendor 73,33.0,Default Title,archived
Meal Kit 0596,Vendor 51,65.0,Default Title,archived
Meal Kit 0597,Vendor 10,55.0,Default Title,archived
Meal Kit 0598,Vendor 52,30.0,Default Title,archived
Meal Kit 0599,Vendor 20,0.0,Default Title,archived
Meal Kit 0600,Vendor 20,0.0,Default Title,archived
Meal Kit 0601,Vendor 20,0.0,Default Title,archived
Meal Kit 0602,Vendor 20,0.0,Default Title,archived
Meal Kit 0603,Vendor 20,0.0,Default Title,archived
Meal Kit 0604,Vendor 20,0.0,Default Title,archived
Meal Kit 0605,Vendor 20,0.0,Default Title,archived
Meal Kit 0606,Vendor 20,0.0,Default Title,archived
Meal Kit 0607,Vendor 32,31.0,Default Title,archived
Meal Kit 0608,Vendor 20,0.0,Default Title,archived
Meal Kit 0609,Vendor 20,70.0,Default Title,archived
Meal Kit 0610,Vendor 59,60.0,Default Title,archived
Meal Kit 0611,Vendor 34,18.0,Default Title,archived
Meal Kit 0612,Vendor 14,37.0,Default Title,archived
Meal Kit 0613,Vendor 11,26.0,Default Title,archived
Meal Kit 0614,Vendor 72,0.0,Default Title,archived
Meal Kit 0615,Vendor 72,0.0,Default Title,archived
Meal Kit 0616,Vendor 72,0.0,Default Title,archived
Meal Kit 0617,Vendor 72,0.0,Default Title,archived
Meal Kit 0618,Vendor 75,25.0,Chicken Pitta,archived
Meal Kit 0619,Vendor 72,0.0,Default Title,archived
Meal Kit 0620,Vendor 72,0.0,Default Title,archived
Meal Kit 0621,Vendor 11,95.0,3rd February,archived
Meal Kit 0622,Vendor 72,70.0,Default Title,archived
Meal Kit 0623,Vendor 76,55.0,Default Title,archived
Meal Kit 0624,Vendor 07,100.0,Default Title,archived
Meal Kit 0625,Vendor 07,79.0,Default Title,archived
Meal Kit 0626,Vendor 64,60.0,Default Title,archived
Meal Kit 0627,Vendor 77,13.0,Default Title,archived
Meal Kit 0628,Vendor 77,13.0,Default Title,archived
Meal Kit 0629,Vendor 04,75.0,Default Title,archived
Meal Kit 0630,Vendor 77,38.0,Default Title,archived
Meal Kit 0631,Vendor 36,31.0,Default Title,archived
Meal Kit 0632,Vendor 16,60.0,Default Title,archived
Meal Kit 0633,Vendor 16,65.0,Default Title,archived
Meal Kit 0634,Vendor 34,50.0,Default Title,archived
Meal Kit 0635,Vendor 14,16.0,Default Title,archived
Meal Kit 0636,Vendor 14,16.0,Default Title,archived
Meal Kit 0637,Vendor 14,80.0,Taco Party (Margarita),archived
Meal Kit 0638,Vendor 52,55.0,Default Title,archived
Meal Kit 0639,Vendor 52,60.0,Default Title,archived
Meal Kit 0640,Vendor 78,25.0,Default Title,archived
Meal Kit 0641,Vendor 04,19.0,Default Title,archived
Meal Kit 0642,Vendor 52,35.0,Default Title,archived
Meal Kit 0643,Vendor 11,100.0,Default Title,archived
Meal Kit 0644,Vendor 53,60.0,Default Title,archived
Meal Kit 0645,Vendor 79,22.0,Default Title,archived
Meal Kit 0646,Vendor 33,1.0,Default Title,active
Meal Kit 0647,Vendor 10,155.0,Default Title,archived
Meal Kit 0648,Vendor 10,85.0,Default Title,archived
Meal Kit 0649,Vendor 34,22.0,Default Title,archived
Meal Kit 0650,Vendor 80,300.0,Default Title,archived
Meal Kit 0651,Vendor 80,155.0,Default Title,archived
Meal Kit 0652,Vendor 13,45.0,Default Title,draft
Meal Kit 0653,Vendor 13,20.0,Default Title,draft
Meal Kit 0654,Vendor 13,19.0,Default Title,draft
Meal Kit 0655,Vendor 13,22.0,Default Title,draft
Meal Kit 0656,Vendor 13,22.0,Default Title,draft
Meal Kit 0657,Vendor 13,33.0,Default Title,draft
Meal Kit 0658,Vendor 13,30.0,Default Title,draft
Meal Kit 0659,Vendor 81,30.0,Default Title,archived
Meal Kit 0660,Vendor 04,180.0,Default Title,archived
Meal Kit 0661,Vendor 04,100.0,Default Title,active
Meal Kit 0662,Vendor 51,165.0,Default Title,archived
Meal Kit 0663,Vendor 51,90.0,Default Title,archived
Meal Kit 0664,Vendor 44,50.0,19th August,archived
Meal Kit 0665,Vendor 34,120.0,Default Title,archived
Meal Kit 0666,Vendor 51,65.0,Default Title,archived
Meal Kit 0667,Vendor 14,8.0,Default Title,archived
Meal Kit 0668,Vendor 14,32.0,Default Title,archived
Meal Kit 0669,Vendor 82,25.0,Default Title,archived
Meal Kit 0670,Vendor 73,10.0,Default Title,archived
Meal Kit 0671,Vendor 73,6.0,Default Title,archived
Meal Kit 0672,Vendor 73,5.5,Default Title,archived
Meal Kit 0673,Vendor 73,9.0,Default Title,archived
Meal Kit 0674,Vendor 73,25.0,Default Title,archived
Meal Kit 0675,Vendor 73,25.0,Default Title,archived
Meal Kit 0676,Vendor 77,10.0,Default Title,archived
Meal Kit 0677,Vendor 77,8.0,Default Title,archived
Meal Kit 0678,Vendor 77,12.0,Default Title,archived
Meal Kit 0679,Vendor 77,7.0,Default Title,archived
Meal Kit 0680,Vendor 77,35.0,Default Title,archived
Meal Kit 0681,Vendor 80,120.0,Default Title,archived
Meal Kit 0682,Vendor 80,65.0,Default Title,archived
Meal Kit 0683,Vendor 83,35.0,Default Title,archived
Meal Kit 0684,Vendor 11,90.0,Default Title,archived
Meal Kit 0685,Vendor 11,115.0,Default Title,archived
Meal Kit 0686,Vendor 52,12.0,Default Title,archived
Meal Kit 0687,Vendor 52,12.0,Default Title,archived
Meal Kit 0688,Vendor 52,1.25,Default Title,archived
Meal Kit 0689,Vendor 52,8.0,Default Title,archived
Meal Kit 0690,Vendor 52,5.0,Default Title,archived
Meal Kit 0691,Vendor 52,3.5,Default Title,archived
Meal Kit 0692,Vendor 52,3.0,Default Title,archived
Meal Kit 0693,Vendor 52,8.0,Default Title,archived
Meal Kit 0694,Vendor 52,12.0,Default Title,archived
Meal Kit 0695,Vendor 58,55.0,Default Title,archived
Meal Kit 0696,Vendor 11,55.0,Default Title,archived
Meal Kit 0697,Vendor 11,80.0,1st July,archived
Meal Kit 0698,Vendor 52,25.0,Venison & Berry Biryani,archived
Meal Kit 0699,Vendor 84,55.0,Default Title,archived
Meal Kit 0700,Vendor 04,70.0,27th December,archived
Meal Kit 0701,Vendor 72,120.0,Default Title,archived
Meal Kit 0702,Vendor 72,65.0,Default Title,archived
Meal Kit 0703,Vendor 32,31.0,7th November,archived
Meal Kit 0704,Vendor 41,75.0,Chicken,archived
Meal Kit 0705,Vendor 22,55.0,Tandoori chicken,archived
Meal Kit 0706,Vendor 51,60.0,Default Title,archived
Meal Kit 0707,Vendor 82,55.0,Default Title,archived
Meal Kit 0708,Vendor 04,12.0,Default Title,archived
Meal Kit 0709,Vendor 04,85.0,Default Title,archived
Meal Kit 0710,Vendor 59,35.0,Default Title,archived
Meal Kit 0711,Vendor 13,4.5,Default Title,archived
Meal Kit 0712,Vendor 13,24.0,Default Title,draft
Meal Kit 0713,Vendor 13,18.0,Default Title,archived
Meal Kit 0714,Vendor 13,35.0,Default Title,archived
Meal Kit 0715,Vendor 14,98.0,13th August,archived
Meal Kit 0716,Vendor 14,35.0,4th July,active
Meal Kit 0717,Vendor 14,4.0,Default Title,archived
Meal Kit 0718,Vendor 14,6.0,Default Title,archived
Meal Kit 0719,Vendor 14,6.0,Default Title,archived
Meal Kit 0720,Vendor 14,7.5,Default Title,archived
Meal Kit 0721,Vendor 14,10.0,Default Title,active
Meal Kit 0722,Vendor 14,8.5,1st August,active
Meal Kit 0723,Vendor 14,29.0,Short-rib sharer,archived
Meal Kit 0724,Vendor 80,100.0,Default Title,archived
Meal Kit 0725,Vendor 80,55.0,Default Title,archived
Meal Kit 0726,Vendor 53,10.0,Default Title,archived
Meal Kit 0727,Vendor 53,40.0,Default Title,archived
Meal Kit 0728,Vendor 34,4.0,Default Title,archived
Meal Kit 0729,Vendor 34,4.0,Default Title,archived
Meal Kit 0730,Vendor 34,7.0,Default Title,archived
Meal Kit 0731,Vendor 34,7.0,Default Title,archived
Meal Kit 0732,Vendor 34,13.0,Default Title,archived
Meal Kit 0733,Vendor 34,4.5,Default Title,archived
Meal Kit 0734,Vendor 34,5.0,Default Title,archived
Meal Kit 0735,Vendor 34,4.5,Default Title,archived
Meal Kit 0736,Vendor 34,60.0,Default Title,archived
Meal Kit 0737,Vendor 34,32.0,11th November,archived
Meal Kit 0738,Vendor 62,55.0,Default Title,draft
Meal Kit 0739,Vendor 62,32.0,Default Title,draft
Meal Kit 0740,Vendor 58,50.0,Default Title,archived
Meal Kit 0741,Vendor 73,50.0,Default Title,archived
Meal Kit 0742,Vendor 73,9.0,Default Title,archived
Meal Kit 0743,Vendor 73,10.5,Default Title,archived
Meal Kit 0744,Vendor 73,6.0,Default Title,archived
Meal Kit 0745,Vendor 73,6.0,Default Title,archived
Meal Kit 0746,Vendor 73,5.0,Default Title,archived
Meal Kit 0747,Vendor 73,10.0,Default Title,archived
Meal Kit 0748,Vendor 73,15.0,Default Title,draft
Meal Kit 0749,Vendor 73,9.0,Default Title,archived
Meal Kit 0750,Vendor 73,10.0,Default Title,archived
Meal Kit 0751,Vendor 73,9.0,Default Title,archived
Meal Kit 0752,Vendor 73,9.5,Default Title,archived
Meal Kit 0753,Vendor 73,0.0,25th May,archived
Meal Kit 0754,Vendor 62,8.5,Default Title,archived
Meal Kit 0755,Vendor 62,9.0,Default Title,draft
Meal Kit 0756,Vendor 62,9.0,Default Title,archived
Meal Kit 0757,Vendor 62,11.0,Default Title,archived
Meal Kit 0758,Vendor 62,35.0,Default Title,draft
Meal Kit 0759,Vendor 62,60.0,King prawn,archived
Meal Kit 0760,Vendor 13,19.0,Default Title,draft
Meal Kit 0761,Vendor 13,20.0,Default Title,draft
Meal Kit 0762,Vendor 13,17.0,Default Title,draft
Meal Kit 0763,Vendor 13,8.5,Default Title,archived
Meal Kit 0764,Vendor 13,12.0,Default Title,archived
Meal Kit 0765,Vendor 13,35.0,Default Title,archived
Meal Kit 0766,Vendor 20,16.0,Default Title,archived
Meal Kit 0767,Vendor 11,12.0,Default Title,draft
Meal Kit 0768,Vendor 11,15.5,Default Title,archived
Meal Kit 0769,Vendor 11,8.0,Default Title,archived
Meal Kit 0770,Vendor 11,3.75,Default Title,draft
Meal Kit 0771,Vendor 11,4.5,Default Title,draft
Meal Kit 0772,Vendor 11,5.5,Default Title,archived
Meal Kit 0773,Vendor 11,18.0,Default Title,archived
Meal Kit 0774,Vendor 11,11.5,Default Title,archived
Meal Kit 0775,Vendor 11,11.5,Default Title,archived
Meal Kit 0776,Vendor 11,23.0,Default Title,archived
Meal Kit 0777,Vendor 11,4.0,Default Title,draft
Meal Kit 0778,Vendor 11,13.0,Default Title,archived
Meal Kit 0779,Vendor 11,6.5,Default Title,archived
Meal Kit 0780,Vendor 11,8.5,Default Title,archived
Meal Kit 0781,Vendor 11,3.5,Default Title,draft
Meal Kit 0782,Vendor 11,3.5,Default Title,archived
Meal Kit 0783,Vendor 11,6.5,Default Title,archived
Meal Kit 0784,Vendor 11,6.0,Default Title,archived
Meal Kit 0785,Vendor 11,5.5,Default Title,archived
Meal Kit 0786,Vendor 11,30.0,Butifarra paella,archived
Meal Kit 0787,Vendor 11,60.0,Butifarra,archived
Meal Kit 0788,Vendor 51,60.0,Default Title,archived
Meal Kit 0789,Vendor 80,120.0,Default Title,archived
Meal Kit 0790,Vendor 80,60.0,Default Title,archived
Meal Kit 0791,Vendor 44,45.0,Default Title,archived
Meal Kit 0792,Vendor 20,7.5,Default Title,archived
Meal Kit 0793,Vendor 20,55.0,Default Title,archived
Meal Kit 0794,Vendor 64,8.0,Default Title,archived
Meal Kit 0795,Vendor 64,45.0,Default Title,archived
Meal Kit 0796,Vendor 85,40.0,Default Title,archived
Meal Kit 0797,Vendor 13,8.0,Default Title,archived
Meal Kit 0798,Vendor 13,6.0,Default Title,archived
Meal Kit 0799,Vendor 13,8.0,Default Title,archived
Meal Kit 0800,Vendor 13,12.0,Default Title,archived
Meal Kit 0801,Vendor 13,10.0,28th July,archived
Meal Kit 0802,Vendor 13,27.0,Default Title,draft
Meal Kit 0803,Vendor 13,24.0,Default Title,draft
Meal Kit 0804,Vendor 13,35.0,Default Title,archived
Meal Kit 0805,Vendor 86,14.0,Default Title,archived
Meal Kit 0806,Vendor 86,12.0,Default Title,archived
Meal Kit 0807,Vendor 86,16.0,Default Title,archived
Meal Kit 0808,Vendor 86,100.0,Default Title,archived
Meal Kit 0809,Vendor 86,47.5,Default Title,archived
Meal Kit 0810,Vendor 87,55.0,Default Title,archived
Meal Kit 0811,Vendor 73,65.0,Default Title,archived
Meal Kit 0812,Vendor 79,40.0,Dan Dan noodles (ve),archived
Meal Kit 0813,Vendor 82,55.0,Default Title,archived
Meal Kit 0814,Vendor 62,10.0,Default Title,archived
Meal Kit 0815,Vendor 62,25.0,Chicken,archived
Meal Kit 0816,Vendor 80,35.0,Default Title,archived
Meal Kit 0817,Vendor 80,110.0,Default Title,archived
Meal Kit 0818,Vendor 80,55.0,Default Title,archived
Meal Kit 0819,Vendor 22,16.0,Default Title,archived
Meal Kit 0820,Vendor 22,36.0,Default Title,archived
Meal Kit 0821,Vendor 22,55.0,Spiced Spatchcock Chicken,archived
Meal Kit 0822,Vendor 13,19.0,11th November,draft
Meal Kit 0823,Vendor 13,45.0,Default Title,archived
Meal Kit 0824,Vendor 13,20.0,Default Title,draft
Meal Kit 0825,Vendor 13,8.0,Default Title,archived
Meal Kit 0826,Vendor 13,7.0,Default Title,archived
Meal Kit 0827,Vendor 13,4.0,Default Title,archived
Meal Kit 0828,Vendor 84,25.0,Buta Miso (pork),archived
Meal Kit 0829,Vendor 88,60.0,Default Title,archived
Meal Kit 0830,Vendor 11,11.5,Default Title,archived
Meal Kit 0831,Vendor 11,15.0,Default Title,archived
Meal Kit 0832,Vendor 11,10.0,Default Title,archived
Meal Kit 0833,Vendor 11,22.0,Default Title,archived
Meal Kit 0834,Vendor 11,15.0,Default Title,archived
Meal Kit 0835,Vendor 11,6.5,Default Title,archived
Meal Kit 0836,Vendor 11,4.0,Default Title,archived
Meal Kit 0837,Vendor 11,9.5,Default Title,archived
Meal Kit 0838,Vendor 11,16.5,Default Title,archived
Meal Kit 0839,Vendor 16,55.0,Default Title,archived
Meal Kit 0840,Vendor 72,30.0,Default Title,archived
Meal Kit 0841,Vendor 72,25.0,Default Title,archived
Meal Kit 0842,Vendor 51,60.0,Default Title,archived
Meal Kit 0843,Vendor 77,60.0,Default Title,archived
Meal Kit 0844,Vendor 11,40.0,Default Title,archived
Meal Kit 0845,Vendor 11,50.0,Default Title,archived
Meal Kit 0846,Vendor 11,25.0,Default Title,archived
Meal Kit 0847,Vendor 72,65.0,Wing rib,archived
Meal Kit 0848,Vendor 62,140.0,Default Title,archived
Meal Kit 0849,Vendor 62,60.0,Default Title,archived
Meal Kit 0850,Vendor 20,55.0,Default Title,archived
Meal Kit 0851,Vendor 20,70.0,Default Title,archived
Meal Kit 0852,Vendor 04,12.0,Default Title,archived
Meal Kit 0853,Vendor 04,12.0,Default Title,archived
Meal Kit 0854,Vendor 04,70.0,Default Title,archived
Meal Kit 0855,Vendor 44,55.0,6th January,archived
Meal Kit 0856,Vendor 37,35.0,Default Title,archived
Meal Kit 0857,Vendor 80,100.0,Default Title,archived
Meal Kit 0858,Vendor 80,55.0,Default Title,archived
Meal Kit 0859,Vendor 13,24.0,Default Title,draft
Meal Kit 0860,Vendor 33,18.0,Default Title,archived
Meal Kit 0861,Vendor 13,70.0,Default Title,archived
Meal Kit 0862,Vendor 52,6.0,Default Title,archived
Meal Kit 0863,Vendor 52,8.0,Default Title,archived
Meal Kit 0864,Vendor 52,5.0,Default Title,archived
Meal Kit 0865,Vendor 52,1.25,Default Title,archived
Meal Kit 0866,Vendor 52,3.5,Default Title,archived
Meal Kit 0867,Vendor 52,3.0,Default Title,archived
Meal Kit 0868,Vendor 52,8.0,Default Title,archived
Meal Kit 0869,Vendor 52,8.0,Default Title,archived
Meal Kit 0870,Vendor 52,12.5,Default Title,archived
Meal Kit 0871,Vendor 52,12.0,Default Title,archived
Meal Kit 0872,Vendor 52,12.0,Default Title,archived
Meal Kit 0873,Vendor 52,20.0,Default Title,archived
Meal Kit 0874,Vendor 22,100.0,Default Title,archived
Meal Kit 0875,Vendor 73,70.0,Default Title,archived
Meal Kit 0876,Vendor 89,40.0,Default Title,archived
Meal Kit 0877,Vendor 44,28.0,1st July,archived
Meal Kit 0878,Vendor 84,33.0,Default Title,archived
Meal Kit 0879,Vendor 84,45.0,Default Title,archived
Meal Kit 0880,Vendor 77,140.0,Default Title,archived
Meal Kit 0881,Vendor 77,70.0,Default Title,archived
Meal Kit 0882,Vendor 11,65.0,Default Title,archived
Meal Kit 0883,Vendor 11,75.0,Default Title,archived
Meal Kit 0884,Vendor 59,140.0,Default Title,archived
Meal Kit 0885,Vendor 87,55.0,8th January,archived
Meal Kit 0886,Vendor 72,120.0,Default Title,archived
Meal Kit 0887,Vendor 80,100.0,Default Title,draft
Meal Kit 0888,Vendor 90,50.0,Default Title,archived
Meal Kit 0889,Vendor 80,65.0,Default Title,draft
Meal Kit 0890,Vendor 72,65.0,Default Title,archived
Meal Kit 0891,Vendor 51,70.0,Default Title,archived
Meal Kit 0892,Vendor 88,65.0,Default Title,archived
Meal Kit 0893,Vendor 22,50.0,Default Title,archived
Meal Kit 0894,Vendor 22,120.0,Default Title,archived
Meal Kit 0895,Vendor 37,100.0,Default Title,archived
Meal Kit 0896,Vendor 37,40.0,Default Title,archived
Meal Kit 0897,Vendor 13,15.5,Default Title,draft
Meal Kit 0898,Vendor 13,15.55,Default Title,draft
Meal Kit 0899,Vendor 13,75.0,Default Title,archived
Meal Kit 0900,Vendor 53,55.0,Default Title,archived
Meal Kit 0901,Vendor 10,4.0,Default Title,draft
Meal Kit 0902,Vendor 10,4.0,Default Title,draft
Meal Kit 0903,Vendor 10,5.0,Default Title,archived
Meal Kit 0904,Vendor 10,6.0,Default Title,archived
Meal Kit 0905,Vendor 10,6.0,Default Title,archived
Meal Kit 0906,Vendor 10,9.5,Default Title,draft
Meal Kit 0907,Vendor 10,9.5,Default Title,archived
Meal Kit 0908,Vendor 10,8.5,Default Title,archived
Meal Kit 0909,Vendor 10,8.5,Default Title,draft
Meal Kit 0910,Vendor 10,5.5,Default Title,draft
Meal Kit 0911,Vendor 10,6.0,Default Title,archived
Meal Kit 0912,Vendor 10,6.0,Default Title,archived
Meal Kit 0913,Vendor 10,6.0,Default Title,archived
Meal Kit 0914,Vendor 10,4.0,Default Title,draft
Meal Kit 0915,Vendor 10,4.0,Default Title,archived
Meal Kit 0916,Vendor 91,55.0,Default Title,archived
Meal Kit 0917,Vendor 87,55.0,Default Title,archived
Meal Kit 0918,Vendor 92,75.0,Default Title,archived
Meal Kit 0919,Vendor 89,55.0,Default Title,archived
Meal Kit 0920,Vendor 51,60.0,Default Title,archived
Meal Kit 0921,Vendor 41,65.0,Default Title,archived
Meal Kit 0922,Vendor 41,70.0,Default Title,archived
Meal Kit 0923,Vendor 84,55.0,Default Title,archived
Meal Kit 0924,Vendor 72,60.0,Default Title,archived
Meal Kit 0925,Vendor 44,50.0,Default Title,archived
Meal Kit 0926,Vendor 77,60.0,Default Title,archived
Meal Kit 0927,Vendor 80,65.0,Default Title,archived
Meal Kit 0928,Vendor 13,26.0,Default Title,draft
Meal Kit 0929,Vendor 13,17.0,Default Title,draft
Meal Kit 0930,Vendor 13,17.25,Default Title,draft
Meal Kit 0931,Vendor 58,7.0,Default Title,archived
Meal Kit 0932,Vendor 58,6.0,Default Title,archived
Meal Kit 0933,Vendor 58,4.5,Default Title,draft
Meal Kit 0934,Vendor 58,2.0,Default Title,draft
Meal Kit 0935,Vendor 58,2.5,Default Title,draft
Meal Kit 0936,Vendor 58,2.5,Default Title,archived
Meal Kit 0937,Vendor 58,15.5,Default Title,draft
Meal Kit 0938,Vendor 58,16.5,Default Title,archived
Meal Kit 0939,Vendor 58,18.5,Default Title,draft
Meal Kit 0940,Vendor 58,16.5,Default Title,archived
Meal Kit 0941,Vendor 04,70.0,Default Title,archived
Meal Kit 0942,Vendor 58,10.5,Default Title,archived
Meal Kit 0943,Vendor 58,7.5,Default Title,draft
Meal Kit 0944,Vendor 58,8.5,Default Title,draft
Meal Kit 0945,Vendor 58,9.5,Default Title,archived
Meal Kit 0946,Vendor 58,4.0,Default Title,archived
Meal Kit 0947,Vendor 58,4.0,Default Title,archived
Meal Kit 0948,Vendor 93,50.0,Meat,archived
Meal Kit 0949,Vendor 80,65.0,Default Title,archived
Meal Kit 0950,Vendor 58,2.5,Default Title,draft
Meal Kit 0951,Vendor 94,55.0,Default Title,archived
Meal Kit 0952,Vendor 62,60.0,Salmon,archived
Meal Kit 0953,Vendor 90,50.0,Default Title,archived
Meal Kit 0954,Vendor 59,55.0,Default Title,archived
Meal Kit 0955,Vendor 92,0.0,Default Title,archived
Meal Kit 0956,Vendor 22,55.0,Default Title,archived
Meal Kit 0957,Vendor 58,55.0,Default Title,archived
Meal Kit 0958,Vendor 94,55.0,Default Title,archived
Meal Kit 0959,Vendor 13,22.05,Default Title,draft
Meal Kit 0960,Vendor 13,22.65,Default Title,draft
Meal Kit 0961,Vendor 13,22.65,Default Title,draft
Meal Kit 0962,Vendor 13,75.0,Default Title,archived
Meal Kit 0963,Vendor 41,65.0,Default Title,archived
Meal Kit 0964,Vendor 41,70.0,Default Title,archived
Meal Kit 0965,Vendor 84,60.0,Default Title,archived
Meal Kit 0966,Vendor 89,55.0,Default Title,archived
Meal Kit 0967,Vendor 80,60.0,Default Title,draft
Meal Kit 0968,Vendor 87,55.0,Default Title,archived
Meal Kit 0969,Vendor 72,85.0,Default Title,archived
Meal Kit 0970,Vendor 72,70.0,T-Bone,archived
Meal Kit 0971,Vendor 80,55.0,Default Title,archived
Meal Kit 0972,Vendor 04,70.0,Default Title,archived
Meal Kit 0973,Vendor 92,70.0,Default Title,draft
Meal Kit 0974,Vendor 37,45.0,Default Title,archived
Meal Kit 0975,Vendor 44,50.0,Default Title,archived
Meal Kit 0976,Vendor 95,55.0,Default Title,archived
Meal Kit 0977,Vendor 62,55.0,Default Title,archived
Meal Kit 0978,Vendor 90,50.0,Default Title,archived
Meal Kit 0979,Vendor 87,50.0,Default Title,archived
Meal Kit 0980,Vendor 58,50.0,Default Title,archived
Meal Kit 0981,Vendor 51,60.0,Default Title,archived
Meal Kit 0982,Vendor 80,55.0,Default Title,archived
Meal Kit 0983,Vendor 04,70.0,Default Title,archived
Meal Kit 0984,Vendor 62,55.0,Chicken,archived
Meal Kit 0985,Vendor 33,50.0,£50,archived
Meal Kit 0986,Vendor 80,55.0,Default Title,archived
Meal Kit 0987,Vendor 10,25.0,Default Title,archived
Meal Kit 0988,Vendor 51,55.0,Default Title,archived
Meal Kit 0989,Vendor 95,50.0,Default Title,archived
Meal Kit 0990,Vendor 96,85.0,Default Title,archived
Meal Kit 0991,Vendor 97,110.0,Default Title,archived
Meal Kit 0992,Vendor 98,95.0,Default Title,archived
Meal Kit 0993,Vendor 99,45.0,Default Title,archived
Meal Kit 0994,Vendor 72,55.0,Default Title,archived
Meal Kit 0995,Vendor 100,50.0,Default Title,archived
Meal Kit 0996,Vendor 101,40.0,Default Title,archived
Meal Kit 0997,Vendor 80,55.0,Default Title,archived
Meal Kit 0998,Vendor 102,50.0,Default Title,archived
Meal Kit 0999,Vendor 04,55.0,Default Title,archived
Meal Kit 1000,Vendor 58,60.0,Default Title,archived
Meal Kit 1001,Vendor 91,45.0,Default Title,archived
Meal Kit 1002,Vendor 58,50.0,Default Title,archived
Meal Kit 1003,Vendor 100,50.0,Default Title,archived
Meal Kit 1004,Vendor 72,55.0,Meat,archived
Meal Kit 1005,Vendor 10,50.0,Default Title,archived
Meal Kit 1006,Vendor 80,55.0,Default Title,archived
Meal Kit 1007,Vendor 103,45.0,Default Title,archived
Meal Kit 1008,Vendor 99,45.0,Default Title,archived
Meal Kit 1009,Vendor 58,16.5,Default Title,draft
Meal Kit 1010,Vendor 91,45.0,Default Title,archived
Meal Kit 1011,Vendor 103,45.0,Default Title,archived
Meal Kit 1012,Vendor 10,50.0,Default Title,archived
Meal Kit 1013,Vendor 72,58.0,Meat,archived
Meal Kit 1014,Vendor 33,55.5,£55.50,active
Meal Kit 1015,Vendor 101,46.0,Default Title,archived
Meal Kit 1016,Vendor 104,45.0,Default Title,archived
Meal Kit 1017,Vendor 103,40.0,Default Title,archived
Meal Kit 1018,Vendor 72,55.0,Default Title,archived
Meal Kit 1019,Vendor 105,55.0,Default Title,archived
Meal Kit 1020,Vendor 37,50.0,Default Title,archived
Meal Kit 1021,Vendor 00,16.0,Default,active
Meal Kit 1022,Vendor 00,,Default,active
Meal Kit 1023,Vendor 00,32.5,Default,active
Meal Kit 1024,Vendor 00,36.0,Default,active
Meal Kit 1025,Vendor 00,95.0,Default,active
Meal Kit 1026,Vendor 00,70.0,Default,active
Meal Kit 1027,Vendor 00,30.0,Default,active
Meal Kit 1028,Vendor 00,75.0,Default,active
Meal Kit 1029,Vendor 00,70.0,Default,active
Meal Kit 1030,Vendor 00,,Default,active
Meal Kit 1031,Vendor 00,95.0,Default,active
Meal Kit 1032,Vendor 00,35.0,Default,active
Meal Kit 1033,Vendor 00,75.0,Default,active
Meal Kit 1034,Vendor 00,,Default,active
Meal Kit 1035,Vendor 00,,Default,active
Meal Kit 1036,Vendor 00,,Default,active
Meal Kit 1037,Vendor 00,120.0,Default,active
Meal Kit 1038,Vendor 00,,Default,active
Meal Kit 1039,Vendor 00,50.0,Default,active
Meal Kit 1040,Vendor 00,35.0,Default,active
Meal Kit 1041,Vendor 00,75.0,Default,active
Meal Kit 1042,Vendor 00,110.0,Default,active
Meal Kit 1043,Vendor 00,,Default,active
Meal Kit 1044,Vendor 00,60.0,Default,active
Meal Kit 1045,Vendor 00,75.0,Default,active
Meal Kit 1046,Vendor 00,75.0,Default,active
Meal Kit 1047,Vendor 00,,Default,active
Meal Kit 1048,Vendor 00,269.0,Default,active
Meal Kit 1049,Vendor 00,59.0,Default,active
Meal Kit 1050,Vendor 00,80.0,Default,active
Meal Kit 1051,Vendor 00,35.0,Default,active
Meal Kit 1052,Vendor 00,65.0,Default,active
Meal Kit 1053,Vendor 00,65.0,Default,active
Meal Kit 1054,Vendor 00,65.0,Default,active
Meal Kit 1055,Vendor 00,29.0,Default,active
Meal Kit 1056,Vendor 00,77.5,Default,active
Meal Kit 1057,Vendor 00,45.0,Default,active
Meal Kit 1058,Vendor 00,,Default,active
Meal Kit 1059,Vendor 00,67.0,Default,active
Meal Kit 1060,Vendor 00,,Default,active
Meal Kit 1061,Vendor 00,65.0,Default,active
Meal Kit 1062,Vendor 00,,Default,active
Meal Kit 1063,Vendor 00,,Default,active
Meal Kit 1064,Vendor 00,,Default,active
Meal Kit 1065,Vendor 00,75.0,Default,active
Meal Kit 1066,Vendor 00,199.0,Default,active
Meal Kit 1067,Vendor 00,,Default,active
Meal Kit 1068,Vendor 00,,Default,active
Meal Kit 1069,Vendor 00,75.0,Default,active
Meal Kit 1070,Vendor 00,,Default,active
Meal Kit 1071,Vendor 00,80.0,Default,active
Meal Kit 1072,Vendor 00,,Default,active
